order_item_id,order_id,line_number,product_id,qty,unit_price_usd,discount
1,1,1,316,2,14.83,0.0
2,1,2,75,3,37.44,0.0
3,1,3,440,1,33.7,0.0
4,1,4,236,4,21.9,0.0
5,1,5,159,5,45.86,0.07
6,2,1,251,2,11.29,0.0
7,2,2,428,4,35.28,0.0
8,2,3,426,2,57.88,0.0
9,2,4,21,1,46.35,0.0
10,2,5,157,2,116.76,0.02
11,2,6,431,2,124.51,0.0
12,3,1,341,5,153.86,0.0
13,4,1,162,5,8.44,0.0
14,5,1,185,2,144.2,0.01
15,5,2,360,4,17.39,0.0
16,5,3,333,5,93.1,0.0
17,6,1,119,3,68.35,0.0
18,6,2,336,4,71.57,0.0
19,6,3,145,3,25.74,0.11
20,6,4,397,4,125.81,0.0
21,6,5,266,1,70.47,0.0
22,7,1,363,2,15.15,0.0
23,7,2,62,5,140.22,0.0
24,7,3,47,3,83.24,0.0
25,7,4,182,3,67.77,0.0
26,7,5,42,2,73.86,0.0
27,7,6,328,4,49.12,0.0
28,8,1,21,3,46.35,0.0
29,8,2,35,2,304.9,0.06
30,8,3,425,5,38.99,0.0
31,8,4,414,3,13.71,0.0
32,8,5,138,4,87.01,0.0
33,9,1,309,3,36.93,0.0
34,9,2,423,1,52.98,0.12
35,9,3,95,3,12.18,0.06
36,9,4,16,5,33.37,0.0
37,10,1,167,5,19.46,0.0
38,10,2,257,4,93.22,0.0
39,10,3,290,2,14.75,0.02
40,10,4,397,4,125.81,0.0
41,11,1,111,5,29.63,0.0
42,11,2,53,1,10.49,0.0
43,11,3,309,1,36.93,0.0
44,11,4,295,1,71.78,0.0
45,11,5,25,5,39.33,0.0
46,12,1,234,4,138.05,0.0
47,12,2,252,3,21.31,0.0
48,13,1,239,5,30.05,0.0
49,13,2,83,2,86.34,0.11
50,13,3,94,5,276.63,0.0
51,13,4,452,1,69.42,0.12
52,14,1,387,2,114.26,0.0
53,14,2,287,5,23.11,0.0
54,15,1,348,4,64.85,0.11
55,16,1,86,5,15.12,0.01
56,16,2,407,4,65.12,0.0
57,17,1,69,2,40.67,0.02
58,17,2,109,2,14.03,0.0
59,17,3,252,5,21.31,0.17
60,18,1,151,3,28.17,0.0
61,18,2,128,1,44.47,0.0
62,18,3,332,1,76.75,0.0
63,19,1,360,2,17.39,0.0
64,19,2,148,1,25.75,0.0
65,20,1,482,4,17.11,0.0
66,20,2,393,3,25.47,0.0
67,20,3,188,5,76.43,0.0
68,20,4,385,1,89.66,0.06
69,20,5,208,3,21.37,0.0
70,20,6,496,4,72.67,0.12
71,21,1,45,4,50.9,0.06
72,21,2,282,5,142.57,0.0
73,21,3,218,1,14.47,0.16
74,21,4,123,5,188.61,0.0
75,22,1,95,5,12.18,0.0
76,22,2,470,4,222.6,0.18
77,22,3,222,5,43.61,0.0
78,22,4,167,4,19.46,0.0
79,23,1,460,3,61.66,0.0
80,23,2,336,4,71.57,0.0
81,24,1,94,3,276.63,0.0
82,24,2,404,1,10.1,0.12
83,24,3,240,2,9.92,0.0
84,24,4,230,3,34.12,0.09
85,24,5,260,1,16.06,0.08
86,25,1,212,5,167.42,0.0
87,25,2,377,3,30.66,0.0
88,25,3,142,5,27.81,0.0
89,25,4,490,4,159.75,0.0
90,26,1,130,4,12.4,0.0
91,26,2,96,3,50.51,0.07
92,26,3,472,3,23.02,0.0
93,26,4,460,4,61.66,0.23
94,26,5,211,2,11.21,0.08
95,27,1,224,2,108.88,0.0
96,27,2,146,3,22.01,0.0
97,27,3,85,2,45.17,0.13
98,27,4,493,4,111.26,0.0
99,28,1,237,1,51.7,0.11
100,28,2,402,1,45.35,0.0
101,28,3,371,3,127.88,0.08
102,28,4,193,4,94.8,0.0
103,28,5,484,1,86.1,0.0
104,28,6,91,1,43.75,0.0
105,29,1,105,2,74.12,0.0
106,29,2,466,3,10.0,0.0
107,30,1,64,2,7.68,0.13
108,30,2,359,1,331.2,0.0
109,30,3,312,3,33.85,0.01
110,30,4,222,5,43.61,0.0
111,30,5,149,5,20.49,0.0
112,30,6,105,3,74.12,0.0
113,31,1,207,2,49.04,0.0
114,31,2,82,3,50.74,0.0
115,31,3,436,1,14.78,0.24
116,31,4,199,3,102.28,0.0
117,31,5,379,1,106.76,0.02
118,32,1,429,5,53.52,0.0
119,32,2,294,5,43.86,0.0
120,32,3,170,2,21.13,0.0
121,33,1,144,3,69.95,0.0
122,33,2,74,5,26.98,0.0
123,33,3,58,3,172.31,0.0
124,34,1,374,5,54.22,0.04
125,34,2,421,5,30.44,0.07
126,34,3,473,3,38.46,0.0
127,34,4,245,5,111.59,0.0
128,35,1,402,3,45.35,0.0
129,35,2,495,4,61.35,0.0
130,36,1,197,2,117.71,0.07
131,36,2,384,4,43.43,0.11
132,36,3,489,2,77.49,0.0
133,36,4,434,5,9.78,0.0
134,36,5,173,3,15.96,0.0
135,37,1,180,5,19.83,0.03
136,37,2,284,3,9.77,0.0
137,37,3,191,3,11.22,0.03
138,37,4,59,2,14.4,0.0
139,38,1,375,2,13.84,0.0
140,39,1,195,5,78.83,0.0
141,39,2,110,5,8.69,0.0
142,39,3,21,1,46.35,0.0
143,39,4,41,3,197.59,0.0
144,39,5,13,2,13.35,0.0
145,39,6,200,2,57.83,0.0
146,40,1,360,1,17.39,0.03
147,40,2,106,1,94.58,0.08
148,40,3,309,3,36.93,0.0
149,40,4,430,5,188.34,0.0
150,40,5,210,1,26.82,0.0
151,41,1,96,4,50.51,0.0
152,41,2,480,1,23.09,0.0
153,41,3,109,3,14.03,0.0
154,41,4,79,1,31.13,0.0
155,41,5,105,3,74.12,0.01
156,41,6,380,4,97.26,0.03
157,42,1,370,4,95.16,0.04
158,42,2,286,3,49.88,0.0
159,42,3,251,3,11.29,0.0
160,42,4,359,4,331.2,0.0
161,43,1,232,5,73.47,0.0
162,43,2,87,5,32.84,0.04
163,44,1,267,3,181.08,0.0
164,44,2,394,3,82.7,0.0
165,44,3,182,2,67.77,0.0
166,44,4,301,4,49.25,0.0
167,44,5,247,3,31.12,0.22
168,44,6,153,5,78.89,0.0
169,45,1,26,4,85.87,0.0
170,45,2,147,3,73.9,0.0
171,45,3,166,5,55.8,0.0
172,45,4,56,2,17.74,0.0
173,45,5,125,3,46.78,0.0
174,46,1,119,5,68.35,0.0
175,47,1,450,5,230.28,0.0
176,47,2,211,3,11.21,0.0
177,48,1,271,4,60.19,0.0
178,48,2,67,2,63.6,0.0
179,48,3,160,3,45.15,0.0
180,48,4,329,5,211.37,0.06
181,49,1,110,2,8.69,0.0
182,50,1,70,4,16.86,0.0
183,50,2,234,2,138.05,0.0
184,50,3,89,4,90.12,0.0
185,50,4,216,1,43.11,0.0
186,50,5,285,3,36.57,0.0
187,50,6,126,1,27.95,0.0
188,51,1,476,1,65.14,0.06
189,51,2,347,1,124.0,0.0
190,51,3,382,2,59.82,0.0
191,51,4,263,1,22.4,0.0
192,51,5,89,1,90.12,0.0
193,51,6,165,5,53.98,0.0
194,52,1,194,4,264.69,0.0
195,53,1,325,1,31.28,0.0
196,53,2,332,5,76.75,0.0
197,53,3,372,3,40.37,0.0
198,53,4,71,3,9.68,0.13
199,53,5,309,1,36.93,0.0
200,53,6,353,3,146.41,0.02
201,54,1,475,5,51.75,0.0
202,54,2,412,5,337.58,0.02
203,55,1,333,1,93.1,0.0
204,56,1,367,1,104.45,0.08
205,57,1,63,1,21.23,0.0
206,57,2,487,1,14.44,0.03
207,57,3,325,2,31.28,0.02
208,57,4,174,3,50.86,0.0
209,57,5,121,1,16.12,0.0
210,58,1,492,4,54.27,0.0
211,58,2,414,5,13.71,0.0
212,58,3,369,2,41.26,0.0
213,58,4,482,1,17.11,0.0
214,59,1,14,3,146.21,0.0
215,59,2,435,3,48.21,0.0
216,59,3,213,5,39.79,0.0
217,60,1,320,3,52.79,0.06
218,61,1,281,3,45.14,0.09
219,61,2,493,1,111.26,0.08
220,61,3,355,5,69.77,0.0
221,61,4,483,5,30.82,0.0
222,61,5,116,5,18.18,0.16
223,61,6,65,4,107.87,0.0
224,62,1,203,3,56.16,0.0
225,63,1,91,4,43.75,0.0
226,63,2,191,3,11.22,0.06
227,63,3,39,4,156.55,0.12
228,63,4,456,3,89.72,0.0
229,63,5,33,4,77.56,0.0
230,64,1,21,4,46.35,0.0
231,64,2,426,5,57.88,0.0
232,65,1,27,5,166.45,0.0
233,65,2,466,1,10.0,0.0
234,65,3,388,1,35.04,0.0
235,65,4,232,3,73.47,0.0
236,65,5,421,2,30.44,0.0
237,65,6,340,5,71.55,0.0
238,66,1,447,1,12.43,0.0
239,66,2,128,4,44.47,0.0
240,67,1,96,1,50.51,0.0
241,67,2,195,4,78.83,0.0
242,67,3,22,2,36.42,0.0
243,67,4,46,1,21.35,0.0
244,67,5,413,3,8.38,0.0
245,68,1,478,2,58.06,0.0
246,68,2,238,3,110.0,0.0
247,68,3,464,2,72.21,0.07
248,68,4,57,3,50.58,0.12
249,68,5,391,5,102.63,0.03
250,68,6,441,4,33.17,0.0
251,69,1,401,2,44.0,0.0
252,69,2,379,2,106.76,0.22
253,69,3,328,2,49.12,0.0
254,69,4,64,1,7.68,0.0
255,69,5,346,3,27.68,0.01
256,70,1,311,2,18.18,0.09
257,71,1,478,3,58.06,0.0
258,71,2,106,4,94.58,0.0
259,71,3,449,4,105.49,0.09
260,71,4,485,5,18.29,0.04
261,71,5,199,2,102.28,0.0
262,71,6,12,2,73.23,0.12
263,72,1,98,5,87.66,0.04
264,72,2,48,5,170.13,0.0
265,72,3,399,5,107.66,0.0
266,72,4,163,1,89.3,0.07
267,72,5,207,2,49.04,0.0
268,72,6,148,3,25.75,0.0
269,73,1,192,5,36.1,0.08
270,73,2,446,4,93.17,0.0
271,73,3,401,2,44.0,0.0
272,74,1,227,3,66.5,0.14
273,74,2,253,2,36.04,0.0
274,74,3,469,4,113.19,0.05
275,74,4,351,4,27.88,0.0
276,74,5,474,3,87.11,0.06
277,75,1,323,1,198.69,0.0
278,75,2,195,4,78.83,0.0
279,75,3,9,5,187.28,0.0
280,75,4,36,1,87.24,0.08
281,75,5,246,3,138.46,0.0
282,75,6,304,3,23.58,0.0
283,76,1,301,4,49.25,0.0
284,77,1,444,1,80.39,0.0
285,77,2,294,1,43.86,0.06
286,77,3,402,3,45.35,0.05
287,77,4,443,5,36.4,0.0
288,77,5,277,4,38.41,0.0
289,77,6,130,4,12.4,0.0
290,78,1,253,3,36.04,0.0
291,78,2,292,5,5.13,0.1
292,78,3,166,5,55.8,0.14
293,78,4,313,4,93.52,0.0
294,78,5,3,4,49.96,0.06
295,79,1,162,4,8.44,0.0
296,79,2,496,3,72.67,0.0
297,79,3,317,5,18.63,0.0
298,79,4,51,4,32.96,0.0
299,79,5,286,1,49.88,0.0
300,80,1,19,3,54.23,0.0
301,80,2,116,1,18.18,0.04
302,80,3,212,2,167.42,0.0
303,80,4,119,1,68.35,0.0
304,80,5,272,1,7.78,0.02
305,80,6,252,4,21.31,0.0
306,81,1,404,3,10.1,0.0
307,81,2,137,5,47.29,0.0
308,81,3,64,2,7.68,0.0
309,82,1,376,5,11.95,0.0
310,82,2,359,5,331.2,0.0
311,82,3,442,2,22.77,0.0
312,82,4,397,2,125.81,0.0
313,82,5,120,2,36.3,0.03
314,82,6,104,5,151.89,0.0
315,83,1,495,1,61.35,0.0
316,83,2,165,3,53.98,0.0
317,83,3,303,3,23.8,0.0
318,84,1,312,3,33.85,0.0
319,84,2,160,5,45.15,0.02
320,84,3,407,2,65.12,0.0
321,85,1,451,5,54.1,0.0
322,86,1,42,3,73.86,0.0
323,86,2,205,1,137.49,0.0
324,86,3,477,2,22.23,0.0
325,86,4,150,1,29.24,0.0
326,86,5,252,4,21.31,0.0
327,87,1,459,3,16.4,0.0
328,87,2,365,4,16.31,0.0
329,87,3,75,2,37.44,0.0
330,88,1,9,2,187.28,0.0
331,88,2,447,2,12.43,0.0
332,88,3,195,5,78.83,0.0
333,88,4,226,1,129.15,0.01
334,89,1,303,5,23.8,0.0
335,89,2,374,3,54.22,0.0
336,89,3,370,5,95.16,0.0
337,90,1,469,1,113.19,0.0
338,90,2,171,3,31.72,0.0
339,91,1,453,4,36.16,0.0
340,91,2,28,2,115.06,0.05
341,91,3,309,5,36.93,0.08
342,91,4,199,2,102.28,0.0
343,92,1,99,2,74.56,0.0
344,92,2,375,4,13.84,0.07
345,92,3,335,5,83.67,0.0
346,92,4,232,2,73.47,0.0
347,92,5,13,5,13.35,0.0
348,92,6,66,1,91.81,0.0
349,93,1,151,3,28.17,0.0
350,93,2,329,3,211.37,0.0
351,93,3,81,1,41.95,0.0
352,94,1,230,5,34.12,0.08
353,94,2,259,4,8.14,0.0
354,94,3,496,3,72.67,0.0
355,95,1,398,4,47.78,0.0
356,96,1,206,1,113.64,0.0
357,97,1,11,1,36.16,0.04
358,97,2,83,1,86.34,0.0
359,97,3,87,2,32.84,0.0
360,97,4,20,1,95.34,0.0
361,98,1,97,5,33.09,0.0
362,98,2,318,4,67.24,0.0
363,98,3,191,3,11.22,0.0
364,98,4,289,2,111.08,0.12
365,98,5,98,5,87.66,0.0
366,98,6,146,4,22.01,0.0
367,99,1,102,3,12.42,0.0
368,99,2,206,1,113.64,0.08
369,99,3,19,2,54.23,0.0
370,99,4,333,1,93.1,0.0
371,100,1,324,1,42.21,0.0
372,101,1,187,4,23.5,0.0
373,102,1,493,3,111.26,0.0
374,102,2,373,4,25.77,0.04
375,102,3,393,1,25.47,0.0
376,102,4,49,5,108.14,0.0
377,102,5,146,5,22.01,0.0
378,102,6,176,4,65.96,0.0
379,103,1,487,5,14.44,0.0
380,103,2,184,4,41.66,0.0
381,104,1,33,5,77.56,0.0
382,105,1,370,4,95.16,0.11
383,105,2,248,3,150.52,0.0
384,105,3,266,3,70.47,0.0
385,105,4,441,5,33.17,0.0
386,106,1,356,4,211.34,0.0
387,107,1,361,2,34.73,0.0
388,107,2,203,4,56.16,0.0
389,107,3,328,2,49.12,0.0
390,107,4,379,5,106.76,0.0
391,107,5,126,3,27.95,0.01
392,108,1,90,2,29.52,0.03
393,108,2,411,3,253.35,0.0
394,108,3,19,5,54.23,0.0
395,108,4,268,4,91.57,0.0
396,109,1,149,2,20.49,0.19
397,110,1,122,4,68.93,0.06
398,110,2,189,4,22.0,0.0
399,110,3,65,4,107.87,0.0
400,110,4,200,5,57.83,0.11
401,110,5,13,5,13.35,0.0
402,111,1,291,5,84.84,0.0
403,111,2,307,2,88.99,0.04
404,111,3,276,3,21.16,0.0
405,111,4,51,5,32.96,0.0
406,111,5,116,3,18.18,0.11
407,112,1,215,3,23.51,0.0
408,112,2,251,2,11.29,0.0
409,112,3,454,5,43.21,0.0
410,112,4,12,1,73.23,0.0
411,112,5,313,3,93.52,0.13
412,112,6,63,4,21.23,0.0
413,113,1,284,3,9.77,0.18
414,113,2,474,5,87.11,0.1
415,113,3,104,5,151.89,0.0
416,113,4,40,3,26.83,0.0
417,114,1,108,4,22.33,0.0
418,114,2,224,1,108.88,0.0
419,114,3,59,4,14.4,0.0
420,114,4,317,5,18.63,0.0
421,115,1,255,2,92.82,0.0
422,115,2,350,5,25.61,0.0
423,115,3,486,5,137.22,0.0
424,116,1,480,5,23.09,0.0
425,116,2,381,2,38.7,0.0
426,117,1,161,2,39.0,0.0
427,117,2,87,2,32.84,0.0
428,117,3,50,5,23.65,0.0
429,118,1,150,1,29.24,0.0
430,119,1,27,5,166.45,0.0
431,119,2,404,3,10.1,0.0
432,119,3,96,5,50.51,0.0
433,120,1,68,3,317.92,0.11
434,120,2,358,3,19.71,0.0
435,121,1,161,1,39.0,0.0
436,121,2,468,1,76.84,0.0
437,121,3,442,1,22.77,0.08
438,121,4,231,3,239.19,0.0
439,121,5,453,2,36.16,0.0
440,121,6,163,2,89.3,0.0
441,122,1,444,5,80.39,0.0
442,122,2,13,2,13.35,0.0
443,122,3,312,3,33.85,0.0
444,122,4,182,3,67.77,0.01
445,122,5,165,3,53.98,0.0
446,123,1,165,5,53.98,0.0
447,124,1,73,3,105.96,0.0
448,124,2,272,4,7.78,0.0
449,124,3,498,2,24.43,0.0
450,124,4,226,4,129.15,0.0
451,124,5,133,1,49.33,0.0
452,125,1,484,5,86.1,0.0
453,125,2,238,1,110.0,0.0
454,125,3,20,4,95.34,0.14
455,125,4,473,1,38.46,0.0
456,125,5,40,3,26.83,0.0
457,125,6,95,3,12.18,0.06
458,126,1,367,5,104.45,0.0
459,127,1,202,3,76.0,0.0
460,127,2,20,3,95.34,0.0
461,127,3,74,4,26.98,0.0
462,128,1,187,4,23.5,0.04
463,128,2,71,2,9.68,0.08
464,128,3,494,2,454.64,0.0
465,128,4,363,5,15.15,0.0
466,128,5,293,2,87.54,0.0
467,129,1,259,5,8.14,0.0
468,129,2,2,3,53.87,0.0
469,129,3,114,3,41.96,0.0
470,129,4,451,3,54.1,0.05
471,129,5,465,3,138.17,0.0
472,129,6,154,5,70.97,0.14
473,130,1,7,4,77.92,0.23
474,130,2,168,2,24.31,0.0
475,130,3,158,3,123.2,0.0
476,130,4,192,5,36.1,0.0
477,131,1,198,2,144.82,0.14
478,131,2,105,1,74.12,0.08
479,131,3,477,5,22.23,0.0
480,131,4,40,2,26.83,0.0
481,132,1,405,3,28.86,0.04
482,132,2,417,1,32.27,0.0
483,132,3,285,5,36.57,0.0
484,132,4,93,3,34.38,0.0
485,132,5,286,2,49.88,0.0
486,133,1,486,1,137.22,0.06
487,133,2,302,4,42.98,0.0
488,133,3,432,4,60.85,0.0
489,133,4,281,2,45.14,0.0
490,133,5,268,3,91.57,0.07
491,133,6,69,5,40.67,0.0
492,134,1,292,2,5.13,0.08
493,135,1,1,2,193.34,0.2
494,135,2,464,5,72.21,0.0
495,136,1,327,3,121.16,0.0
496,136,2,100,3,25.45,0.0
497,136,3,295,3,71.78,0.06
498,136,4,487,3,14.44,0.09
499,137,1,278,3,42.94,0.0
500,137,2,239,4,30.05,0.0
501,137,3,392,5,142.47,0.0
502,138,1,120,5,36.3,0.0
503,139,1,57,4,50.58,0.0
504,139,2,222,2,43.61,0.0
505,139,3,9,2,187.28,0.16
506,139,4,70,1,16.86,0.0
507,140,1,255,1,92.82,0.0
508,140,2,466,3,10.0,0.0
509,140,3,56,4,17.74,0.0
510,140,4,196,4,39.65,0.0
511,140,5,178,1,55.93,0.0
512,140,6,481,3,18.61,0.06
513,141,1,10,5,15.86,0.0
514,141,2,29,5,42.85,0.05
515,141,3,21,3,46.35,0.0
516,141,4,200,5,57.83,0.0
517,142,1,293,1,87.54,0.0
518,142,2,297,5,266.86,0.0
519,143,1,128,3,44.47,0.14
520,143,2,461,5,90.7,0.0
521,143,3,141,1,47.66,0.13
522,143,4,362,3,50.78,0.0
523,143,5,224,5,108.88,0.0
524,144,1,371,1,127.88,0.0
525,144,2,82,1,50.74,0.0
526,144,3,486,1,137.22,0.0
527,144,4,433,5,37.24,0.0
528,144,5,293,3,87.54,0.0
529,144,6,173,2,15.96,0.0
530,145,1,188,5,76.43,0.0
531,145,2,474,5,87.11,0.0
532,146,1,282,5,142.57,0.0
533,146,2,325,2,31.28,0.0
534,146,3,105,1,74.12,0.05
535,146,4,446,1,93.17,0.0
536,146,5,474,2,87.11,0.03
537,147,1,389,2,88.68,0.13
538,147,2,37,1,68.39,0.0
539,148,1,392,1,142.47,0.0
540,148,2,95,2,12.18,0.0
541,148,3,274,3,81.71,0.14
542,148,4,499,3,69.44,0.2
543,149,1,221,3,17.33,0.0
544,149,2,408,5,29.56,0.0
545,149,3,192,2,36.1,0.0
546,149,4,256,4,25.28,0.0
547,150,1,128,2,44.47,0.0
548,150,2,399,3,107.66,0.0
549,150,3,173,1,15.96,0.0
550,150,4,450,2,230.28,0.12
551,150,5,236,3,21.9,0.12
552,151,1,478,1,58.06,0.13
553,151,2,34,1,20.63,0.0
554,151,3,269,1,58.24,0.0
555,151,4,141,5,47.66,0.0
556,151,5,344,1,44.52,0.0
557,152,1,19,5,54.23,0.0
558,152,2,34,3,20.63,0.0
559,152,3,52,2,18.34,0.0
560,152,4,125,5,46.78,0.19
561,152,5,452,4,69.42,0.0
562,153,1,327,4,121.16,0.0
563,154,1,17,3,67.93,0.0
564,154,2,370,2,95.16,0.0
565,154,3,301,2,49.25,0.0
566,154,4,231,4,239.19,0.0
567,155,1,246,1,138.46,0.03
568,155,2,476,1,65.14,0.0
569,155,3,117,2,40.6,0.0
570,155,4,475,5,51.75,0.0
571,156,1,497,5,51.57,0.0
572,157,1,404,2,10.1,0.0
573,158,1,40,5,26.83,0.0
574,159,1,471,3,33.12,0.0
575,159,2,248,5,150.52,0.0
576,159,3,144,1,69.95,0.0
577,160,1,154,2,70.97,0.0
578,160,2,16,5,33.37,0.0
579,161,1,118,1,18.3,0.04
580,161,2,452,2,69.42,0.07
581,161,3,239,2,30.05,0.0
582,161,4,467,2,23.31,0.0
583,161,5,488,5,70.11,0.0
584,161,6,221,4,17.33,0.0
585,162,1,153,4,78.89,0.0
586,162,2,9,4,187.28,0.0
587,162,3,99,5,74.56,0.0
588,162,4,429,5,53.52,0.03
589,163,1,256,5,25.28,0.0
590,163,2,47,4,83.24,0.0
591,163,3,126,4,27.95,0.0
592,163,4,52,1,18.34,0.1
593,164,1,41,4,197.59,0.0
594,164,2,281,1,45.14,0.0
595,165,1,204,5,138.24,0.0
596,165,2,37,4,68.39,0.0
597,165,3,77,4,20.13,0.0
598,165,4,314,1,54.83,0.08
599,166,1,210,3,26.82,0.0
600,166,2,294,1,43.86,0.0
601,166,3,348,1,64.85,0.06
602,166,4,110,4,8.69,0.0
603,166,5,159,1,45.86,0.0
604,166,6,212,2,167.42,0.0
605,167,1,22,4,36.42,0.0
606,168,1,424,5,53.65,0.0
607,168,2,68,1,317.92,0.0
608,168,3,246,1,138.46,0.0
609,169,1,1,3,193.34,0.05
610,169,2,233,4,40.53,0.0
611,169,3,70,2,16.86,0.0
612,169,4,224,1,108.88,0.0
613,169,5,248,5,150.52,0.01
614,170,1,489,4,77.49,0.01
615,170,2,98,4,87.66,0.0
616,170,3,195,1,78.83,0.17
617,171,1,415,4,57.8,0.0
618,171,2,404,2,10.1,0.04
619,171,3,497,4,51.57,0.0
620,171,4,238,5,110.0,0.0
621,171,5,349,3,29.28,0.12
622,171,6,394,1,82.7,0.0
623,172,1,6,1,91.02,0.0
624,172,2,91,5,43.75,0.0
625,172,3,60,1,106.94,0.0
626,173,1,394,2,82.7,0.0
627,173,2,34,4,20.63,0.0
628,173,3,114,1,41.96,0.0
629,174,1,184,2,41.66,0.0
630,174,2,349,4,29.28,0.0
631,175,1,127,4,82.54,0.0
632,175,2,177,2,17.69,0.08
633,175,3,265,1,31.2,0.0
634,176,1,170,4,21.13,0.0
635,177,1,131,4,55.13,0.0
636,177,2,242,4,28.9,0.0
637,177,3,460,5,61.66,0.19
638,177,4,117,4,40.6,0.0
639,177,5,330,2,47.92,0.0
640,178,1,474,5,87.11,0.0
641,178,2,459,5,16.4,0.0
642,178,3,126,2,27.95,0.0
643,178,4,109,5,14.03,0.08
644,178,5,16,3,33.37,0.07
645,179,1,144,5,69.95,0.04
646,179,2,496,3,72.67,0.04
647,180,1,36,4,87.24,0.0
648,180,2,156,2,68.36,0.0
649,181,1,48,3,170.13,0.04
650,181,2,401,4,44.0,0.0
651,181,3,349,4,29.28,0.15
652,181,4,319,5,143.93,0.1
653,181,5,171,4,31.72,0.0
654,181,6,210,1,26.82,0.15
655,182,1,100,2,25.45,0.0
656,182,2,466,2,10.0,0.0
657,182,3,28,2,115.06,0.0
658,182,4,227,5,66.5,0.0
659,182,5,438,5,61.8,0.0
660,183,1,408,4,29.56,0.0
661,183,2,351,4,27.88,0.0
662,183,3,232,2,73.47,0.0
663,183,4,1,5,193.34,0.0
664,184,1,335,3,83.67,0.0
665,184,2,293,5,87.54,0.0
666,184,3,321,5,70.03,0.0
667,184,4,25,1,39.33,0.0
668,185,1,139,5,24.63,0.0
669,186,1,340,1,71.55,0.0
670,186,2,401,5,44.0,0.0
671,186,3,67,4,63.6,0.0
672,187,1,494,3,454.64,0.0
673,187,2,99,4,74.56,0.0
674,188,1,377,3,30.66,0.0
675,188,2,104,3,151.89,0.0
676,188,3,245,2,111.59,0.0
677,188,4,57,5,50.58,0.0
678,188,5,387,5,114.26,0.0
679,189,1,253,1,36.04,0.14
680,189,2,60,3,106.94,0.0
681,190,1,234,2,138.05,0.0
682,190,2,415,1,57.8,0.0
683,190,3,246,5,138.46,0.08
684,191,1,104,1,151.89,0.05
685,192,1,239,5,30.05,0.0
686,193,1,394,5,82.7,0.0
687,193,2,56,1,17.74,0.05
688,193,3,176,4,65.96,0.0
689,193,4,469,5,113.19,0.0
690,194,1,19,2,54.23,0.0
691,194,2,488,3,70.11,0.0
692,194,3,246,4,138.46,0.0
693,194,4,87,2,32.84,0.0
694,194,5,85,2,45.17,0.0
695,195,1,161,2,39.0,0.0
696,195,2,375,4,13.84,0.0
697,195,3,188,2,76.43,0.0
698,196,1,244,2,20.75,0.11
699,197,1,237,3,51.7,0.05
700,197,2,73,2,105.96,0.0
701,197,3,319,1,143.93,0.0
702,197,4,244,5,20.75,0.0
703,198,1,74,3,26.98,0.0
704,198,2,35,5,304.9,0.0
705,198,3,157,3,116.76,0.03
706,198,4,205,5,137.49,0.0
707,198,5,290,3,14.75,0.0
708,198,6,70,2,16.86,0.0
709,199,1,34,2,20.63,0.0
710,200,1,117,1,40.6,0.0
711,200,2,287,5,23.11,0.0
712,201,1,488,5,70.11,0.06
713,201,2,59,4,14.4,0.02
714,201,3,18,2,59.37,0.0
715,201,4,413,3,8.38,0.0
716,201,5,127,5,82.54,0.0
717,202,1,352,1,118.36,0.0
718,202,2,40,4,26.83,0.16
719,202,3,110,4,8.69,0.13
720,202,4,467,1,23.31,0.0
721,202,5,130,4,12.4,0.0
722,203,1,373,5,25.77,0.0
723,203,2,8,2,100.6,0.0
724,204,1,78,2,34.43,0.0
725,205,1,49,3,108.14,0.0
726,205,2,42,2,73.86,0.1
727,205,3,107,4,217.51,0.0
728,205,4,46,2,21.35,0.07
729,205,5,321,5,70.03,0.0
730,205,6,258,1,12.89,0.0
731,206,1,411,2,253.35,0.0
732,206,2,465,2,138.17,0.0
733,206,3,494,2,454.64,0.0
734,207,1,455,1,56.89,0.1
735,208,1,431,4,124.51,0.0
736,208,2,373,1,25.77,0.11
737,209,1,482,4,17.11,0.0
738,210,1,344,4,44.52,0.0
739,210,2,310,4,14.68,0.0
740,210,3,105,4,74.12,0.0
741,210,4,152,5,20.46,0.0
742,210,5,141,5,47.66,0.0
743,211,1,145,3,25.74,0.0
744,211,2,107,4,217.51,0.0
745,211,3,239,4,30.05,0.0
746,212,1,261,3,273.36,0.08
747,212,2,372,2,40.37,0.0
748,212,3,464,1,72.21,0.0
749,212,4,206,2,113.64,0.0
750,212,5,426,3,57.88,0.0
751,213,1,448,2,27.78,0.0
752,213,2,430,1,188.34,0.0
753,213,3,195,1,78.83,0.0
754,214,1,14,1,146.21,0.0
755,214,2,483,1,30.82,0.11
756,214,3,280,1,99.57,0.1
757,215,1,245,5,111.59,0.0
758,216,1,5,4,74.91,0.0
759,217,1,110,3,8.69,0.0
760,217,2,436,1,14.78,0.0
761,217,3,51,5,32.96,0.0
762,217,4,301,3,49.25,0.15
763,218,1,381,4,38.7,0.0
764,218,2,178,1,55.93,0.0
765,218,3,262,1,102.77,0.0
766,218,4,252,4,21.31,0.0
767,218,5,151,2,28.17,0.0
768,218,6,486,4,137.22,0.0
769,219,1,195,4,78.83,0.07
770,219,2,350,1,25.61,0.0
771,219,3,44,5,99.86,0.0
772,220,1,449,1,105.49,0.0
773,220,2,70,5,16.86,0.15
774,220,3,352,3,118.36,0.0
775,220,4,151,5,28.17,0.0
776,220,5,278,2,42.94,0.09
777,221,1,219,3,95.07,0.0
778,222,1,377,3,30.66,0.07
779,222,2,94,2,276.63,0.0
780,222,3,244,1,20.75,0.0
781,223,1,202,5,76.0,0.13
782,224,1,69,4,40.67,0.0
783,224,2,10,3,15.86,0.0
784,225,1,427,2,88.64,0.0
785,226,1,267,1,181.08,0.0
786,226,2,161,5,39.0,0.0
787,226,3,166,3,55.8,0.0
788,226,4,103,1,12.15,0.0
789,226,5,162,3,8.44,0.0
790,226,6,244,4,20.75,0.0
791,227,1,130,2,12.4,0.04
792,227,2,179,5,24.8,0.0
793,228,1,321,3,70.03,0.06
794,228,2,62,4,140.22,0.0
795,228,3,233,3,40.53,0.0
796,228,4,80,3,145.26,0.0
797,229,1,240,4,9.92,0.0
798,229,2,217,1,82.88,0.0
799,229,3,488,1,70.11,0.0
800,229,4,452,5,69.42,0.0
801,229,5,30,1,27.7,0.0
802,229,6,56,1,17.74,0.0
803,230,1,163,1,89.3,0.01
804,230,2,407,3,65.12,0.0
805,230,3,78,3,34.43,0.0
806,231,1,290,4,14.75,0.0
807,231,2,268,2,91.57,0.0
808,231,3,435,4,48.21,0.0
809,232,1,115,3,80.55,0.0
810,233,1,419,3,27.02,0.09
811,233,2,95,3,12.18,0.0
812,233,3,102,3,12.42,0.0
813,233,4,106,4,94.58,0.0
814,233,5,209,2,78.66,0.0
815,233,6,356,1,211.34,0.16
816,234,1,93,4,34.38,0.0
817,234,2,390,1,45.46,0.03
818,234,3,145,5,25.74,0.0
819,234,4,251,4,11.29,0.09
820,234,5,79,1,31.13,0.0
821,235,1,74,1,26.98,0.0
822,235,2,58,4,172.31,0.0
823,235,3,393,5,25.47,0.0
824,235,4,398,3,47.78,0.0
825,236,1,311,2,18.18,0.06
826,237,1,337,4,47.7,0.0
827,237,2,289,2,111.08,0.03
828,237,3,19,4,54.23,0.0
829,237,4,354,5,23.78,0.0
830,238,1,164,2,153.65,0.0
831,238,2,351,1,27.88,0.0
832,238,3,391,2,102.63,0.0
833,238,4,41,5,197.59,0.04
834,239,1,355,2,69.77,0.0
835,239,2,199,1,102.28,0.0
836,240,1,249,1,34.22,0.0
837,240,2,402,5,45.35,0.0
838,240,3,120,3,36.3,0.0
839,240,4,165,4,53.98,0.0
840,241,1,452,1,69.42,0.0
841,241,2,203,1,56.16,0.0
842,241,3,488,1,70.11,0.0
843,241,4,76,1,16.68,0.0
844,241,5,160,4,45.15,0.0
845,241,6,266,5,70.47,0.0
846,242,1,340,2,71.55,0.08
847,242,2,304,4,23.58,0.0
848,242,3,116,1,18.18,0.03
849,242,4,41,3,197.59,0.07
850,242,5,471,5,33.12,0.03
851,242,6,69,3,40.67,0.0
852,243,1,41,4,197.59,0.0
853,243,2,148,4,25.75,0.0
854,243,3,167,2,19.46,0.0
855,244,1,326,4,116.29,0.0
856,244,2,473,1,38.46,0.0
857,245,1,334,1,36.5,0.0
858,245,2,40,2,26.83,0.0
859,245,3,309,4,36.93,0.0
860,245,4,496,4,72.67,0.0
861,245,5,186,1,59.77,0.0
862,245,6,107,4,217.51,0.0
863,246,1,364,3,9.17,0.0
864,246,2,247,3,31.12,0.02
865,246,3,21,1,46.35,0.06
866,246,4,480,1,23.09,0.0
867,246,5,386,3,27.91,0.0
868,247,1,292,5,5.13,0.0
869,247,2,399,5,107.66,0.0
870,247,3,141,4,47.66,0.0
871,248,1,47,1,83.24,0.0
872,248,2,369,2,41.26,0.0
873,248,3,243,4,61.98,0.07
874,248,4,77,3,20.13,0.0
875,248,5,316,4,14.83,0.0
876,249,1,229,5,181.56,0.0
877,249,2,456,2,89.72,0.0
878,249,3,106,5,94.58,0.0
879,249,4,24,3,17.72,0.07
880,249,5,191,2,11.22,0.0
881,249,6,225,5,59.79,0.0
882,250,1,22,2,36.42,0.0
883,251,1,322,2,100.71,0.0
884,251,2,468,5,76.84,0.0
885,251,3,24,4,17.72,0.02
886,251,4,86,4,15.12,0.0
887,252,1,264,1,113.9,0.16
888,253,1,382,2,59.82,0.0
889,253,2,33,4,77.56,0.0
890,253,3,370,4,95.16,0.16
891,253,4,457,2,64.22,0.0
892,254,1,129,1,53.28,0.05
893,255,1,350,2,25.61,0.0
894,256,1,299,2,15.82,0.15
895,256,2,197,5,117.71,0.0
896,256,3,84,2,42.8,0.17
897,256,4,277,2,38.41,0.02
898,257,1,417,3,32.27,0.0
899,257,2,128,5,44.47,0.0
900,257,3,303,2,23.8,0.1
901,258,1,139,1,24.63,0.01
902,258,2,214,2,110.22,0.0
903,258,3,199,5,102.28,0.0
904,258,4,193,5,94.8,0.15
905,258,5,251,5,11.29,0.0
906,259,1,133,2,49.33,0.0
907,259,2,141,2,47.66,0.0
908,259,3,85,5,45.17,0.0
909,259,4,333,1,93.1,0.0
910,259,5,115,3,80.55,0.0
911,259,6,38,3,73.49,0.0
912,260,1,384,5,43.43,0.0
913,260,2,44,2,99.86,0.0
914,260,3,227,1,66.5,0.0
915,260,4,315,3,168.52,0.1
916,260,5,126,1,27.95,0.0
917,260,6,26,2,85.87,0.0
918,261,1,241,2,29.89,0.0
919,261,2,56,5,17.74,0.23
920,261,3,257,4,93.22,0.11
921,261,4,238,4,110.0,0.0
922,262,1,478,4,58.06,0.0
923,262,2,221,3,17.33,0.0
924,263,1,30,5,27.7,0.0
925,263,2,444,2,80.39,0.06
926,263,3,183,5,27.5,0.09
927,263,4,8,1,100.6,0.0
928,264,1,313,5,93.52,0.0
929,264,2,15,2,205.4,0.0
930,264,3,12,1,73.23,0.0
931,264,4,446,3,93.17,0.0
932,264,5,370,3,95.16,0.02
933,265,1,262,4,102.77,0.0
934,265,2,316,1,14.83,0.0
935,265,3,445,5,121.47,0.01
936,265,4,349,1,29.28,0.0
937,266,1,207,5,49.04,0.0
938,266,2,425,4,38.99,0.0
939,266,3,427,3,88.64,0.15
940,266,4,360,1,17.39,0.0
941,266,5,72,3,53.58,0.0
942,267,1,89,1,90.12,0.05
943,267,2,233,3,40.53,0.0
944,267,3,318,4,67.24,0.0
945,268,1,107,5,217.51,0.0
946,268,2,485,1,18.29,0.0
947,268,3,244,2,20.75,0.0
948,269,1,95,3,12.18,0.1
949,270,1,269,5,58.24,0.0
950,270,2,205,5,137.49,0.0
951,270,3,368,3,7.95,0.0
952,271,1,429,1,53.52,0.0
953,271,2,484,5,86.1,0.07
954,271,3,469,1,113.19,0.0
955,272,1,360,2,17.39,0.0
956,272,2,433,3,37.24,0.0
957,272,3,113,5,27.18,0.09
958,272,4,423,2,52.98,0.08
959,273,1,25,2,39.33,0.0
960,273,2,185,1,144.2,0.0
961,273,3,103,4,12.15,0.16
962,273,4,143,4,145.75,0.0
963,274,1,315,5,168.52,0.0
964,275,1,390,3,45.46,0.0
965,275,2,198,4,144.82,0.0
966,275,3,362,2,50.78,0.0
967,275,4,488,5,70.11,0.0
968,276,1,184,4,41.66,0.0
969,276,2,252,4,21.31,0.0
970,277,1,9,4,187.28,0.04
971,277,2,408,1,29.56,0.0
972,278,1,471,1,33.12,0.05
973,278,2,178,4,55.93,0.0
974,278,3,19,5,54.23,0.0
975,278,4,271,1,60.19,0.0
976,278,5,494,1,454.64,0.09
977,278,6,56,2,17.74,0.08
978,279,1,88,4,137.64,0.0
979,279,2,315,4,168.52,0.05
980,280,1,383,5,171.49,0.1
981,280,2,49,1,108.14,0.0
982,280,3,326,5,116.29,0.09
983,280,4,356,3,211.34,0.0
984,280,5,298,4,67.16,0.0
985,280,6,297,3,266.86,0.0
986,281,1,81,2,41.95,0.0
987,281,2,4,3,34.14,0.0
988,281,3,305,2,31.34,0.0
989,281,4,71,4,9.68,0.0
990,281,5,153,4,78.89,0.0
991,282,1,466,4,10.0,0.0
992,282,2,215,5,23.51,0.0
993,283,1,361,5,34.73,0.0
994,284,1,464,1,72.21,0.0
995,284,2,456,1,89.72,0.0
996,284,3,145,1,25.74,0.06
997,284,4,164,4,153.65,0.0
998,284,5,328,5,49.12,0.0
999,284,6,6,1,91.02,0.0
1000,285,1,358,2,19.71,0.0
1001,286,1,491,4,222.51,0.0
1002,286,2,340,1,71.55,0.0
1003,286,3,99,2,74.56,0.0
1004,287,1,52,1,18.34,0.0
1005,287,2,369,3,41.26,0.0
1006,288,1,299,2,15.82,0.0
1007,288,2,10,1,15.86,0.0
1008,288,3,441,3,33.17,0.0
1009,288,4,341,2,153.86,0.0
1010,288,5,315,3,168.52,0.0
1011,288,6,54,1,36.42,0.07
1012,289,1,8,3,100.6,0.08
1013,289,2,267,2,181.08,0.0
1014,290,1,334,5,36.5,0.0
1015,290,2,253,3,36.04,0.13
1016,290,3,478,2,58.06,0.0
1017,290,4,437,3,28.88,0.0
1018,290,5,71,1,9.68,0.0
1019,290,6,91,4,43.75,0.0
1020,291,1,494,1,454.64,0.14
1021,291,2,334,5,36.5,0.0
1022,291,3,460,2,61.66,0.0
1023,291,4,177,5,17.69,0.0
1024,291,5,50,4,23.65,0.0
1025,292,1,161,5,39.0,0.0
1026,292,2,320,5,52.79,0.0
1027,292,3,242,5,28.9,0.0
1028,293,1,234,2,138.05,0.0
1029,294,1,41,3,197.59,0.0
1030,295,1,364,1,9.17,0.0
1031,295,2,391,1,102.63,0.0
1032,296,1,314,3,54.83,0.0
1033,297,1,255,3,92.82,0.0
1034,297,2,152,3,20.46,0.0
1035,297,3,278,5,42.94,0.16
1036,297,4,78,4,34.43,0.0
1037,297,5,15,1,205.4,0.0
1038,298,1,248,4,150.52,0.0
1039,298,2,86,5,15.12,0.0
1040,299,1,68,2,317.92,0.0
1041,299,2,81,1,41.95,0.0
1042,299,3,47,4,83.24,0.0
1043,299,4,399,4,107.66,0.1
1044,300,1,207,2,49.04,0.0
1045,301,1,322,4,100.71,0.08
1046,302,1,112,2,47.83,0.0
1047,303,1,278,4,42.94,0.1
1048,303,2,394,2,82.7,0.0
1049,303,3,292,2,5.13,0.0
1050,303,4,430,5,188.34,0.0
1051,303,5,48,3,170.13,0.02
1052,303,6,126,2,27.95,0.0
1053,304,1,197,1,117.71,0.01
1054,304,2,275,4,33.01,0.06
1055,305,1,269,1,58.24,0.0
1056,306,1,464,3,72.21,0.0
1057,306,2,405,2,28.86,0.0
1058,306,3,192,2,36.1,0.06
1059,307,1,324,3,42.21,0.02
1060,308,1,161,1,39.0,0.0
1061,308,2,72,3,53.58,0.05
1062,308,3,131,1,55.13,0.0
1063,308,4,228,4,310.74,0.0
1064,308,5,130,1,12.4,0.04
1065,308,6,332,4,76.75,0.06
1066,309,1,83,2,86.34,0.0
1067,309,2,323,4,198.69,0.04
1068,309,3,291,5,84.84,0.0
1069,309,4,24,3,17.72,0.0
1070,309,5,49,3,108.14,0.0
1071,309,6,495,1,61.35,0.0
1072,310,1,451,1,54.1,0.0
1073,310,2,226,4,129.15,0.0
1074,310,3,241,4,29.89,0.07
1075,311,1,29,5,42.85,0.0
1076,311,2,442,5,22.77,0.0
1077,311,3,302,4,42.98,0.03
1078,311,4,2,4,53.87,0.0
1079,311,5,80,1,145.26,0.01
1080,311,6,278,5,42.94,0.03
1081,312,1,11,2,36.16,0.0
1082,312,2,265,5,31.2,0.03
1083,312,3,451,1,54.1,0.0
1084,312,4,230,4,34.12,0.0
1085,313,1,455,3,56.89,0.0
1086,313,2,447,5,12.43,0.0
1087,313,3,349,1,29.28,0.0
1088,313,4,286,3,49.88,0.0
1089,313,5,421,4,30.44,0.0
1090,314,1,98,3,87.66,0.0
1091,314,2,484,4,86.1,0.08
1092,314,3,428,4,35.28,0.0
1093,314,4,86,4,15.12,0.02
1094,314,5,179,2,24.8,0.0
1095,315,1,187,1,23.5,0.0
1096,315,2,301,2,49.25,0.0
1097,315,3,455,3,56.89,0.08
1098,316,1,349,1,29.28,0.0
1099,317,1,305,1,31.34,0.0
1100,317,2,361,5,34.73,0.0
1101,317,3,300,3,52.72,0.0
1102,317,4,422,1,10.16,0.08
1103,318,1,413,2,8.38,0.0
1104,319,1,279,3,14.91,0.0
1105,320,1,297,2,266.86,0.0
1106,320,2,75,1,37.44,0.0
1107,320,3,338,1,52.61,0.0
1108,320,4,473,4,38.46,0.0
1109,320,5,258,3,12.89,0.0
1110,320,6,433,2,37.24,0.0
1111,321,1,89,4,90.12,0.0
1112,321,2,435,1,48.21,0.11
1113,321,3,184,4,41.66,0.0
1114,321,4,255,5,92.82,0.0
1115,321,5,59,3,14.4,0.09
1116,321,6,208,2,21.37,0.0
1117,322,1,400,1,25.59,0.0
1118,322,2,253,5,36.04,0.0
1119,322,3,311,4,18.18,0.0
1120,322,4,38,5,73.49,0.0
1121,322,5,373,2,25.77,0.04
1122,323,1,258,3,12.89,0.07
1123,323,2,214,2,110.22,0.13
1124,323,3,415,1,57.8,0.03
1125,323,4,68,4,317.92,0.0
1126,324,1,22,2,36.42,0.0
1127,324,2,273,2,27.98,0.0
1128,325,1,371,1,127.88,0.07
1129,325,2,333,4,93.1,0.15
1130,326,1,332,3,76.75,0.0
1131,326,2,380,1,97.26,0.11
1132,326,3,16,3,33.37,0.0
1133,326,4,411,2,253.35,0.09
1134,326,5,424,4,53.65,0.0
1135,327,1,213,4,39.79,0.0
1136,327,2,254,1,7.02,0.0
1137,327,3,431,5,124.51,0.0
1138,328,1,50,2,23.65,0.0
1139,328,2,348,2,64.85,0.1
1140,329,1,485,1,18.29,0.04
1141,329,2,61,5,221.42,0.0
1142,329,3,443,5,36.4,0.0
1143,329,4,9,5,187.28,0.05
1144,329,5,347,4,124.0,0.0
1145,329,6,122,4,68.93,0.0
1146,330,1,225,4,59.79,0.0
1147,330,2,361,2,34.73,0.0
1148,331,1,396,4,40.74,0.0
1149,332,1,412,3,337.58,0.0
1150,332,2,24,3,17.72,0.0
1151,332,3,184,5,41.66,0.0
1152,332,4,210,5,26.82,0.0
1153,333,1,451,3,54.1,0.05
1154,334,1,20,4,95.34,0.22
1155,334,2,350,3,25.61,0.0
1156,334,3,299,4,15.82,0.0
1157,335,1,115,1,80.55,0.0
1158,335,2,140,4,303.99,0.05
1159,335,3,101,2,7.91,0.1
1160,335,4,404,1,10.1,0.0
1161,336,1,380,5,97.26,0.0
1162,336,2,369,4,41.26,0.06
1163,336,3,412,1,337.58,0.01
1164,336,4,266,5,70.47,0.0
1165,337,1,475,5,51.75,0.0
1166,338,1,345,5,78.08,0.0
1167,338,2,63,1,21.23,0.0
1168,338,3,4,3,34.14,0.0
1169,339,1,128,1,44.47,0.0
1170,339,2,383,5,171.49,0.0
1171,339,3,345,5,78.08,0.0
1172,340,1,98,5,87.66,0.13
1173,340,2,387,4,114.26,0.0
1174,341,1,320,4,52.79,0.0
1175,341,2,81,3,41.95,0.0
1176,342,1,139,5,24.63,0.0
1177,342,2,92,4,86.29,0.04
1178,343,1,349,1,29.28,0.0
1179,343,2,155,5,286.46,0.0
1180,343,3,453,2,36.16,0.0
1181,344,1,172,5,26.56,0.0
1182,344,2,348,3,64.85,0.05
1183,344,3,180,3,19.83,0.0
1184,344,4,109,1,14.03,0.0
1185,344,5,147,5,73.9,0.03
1186,345,1,118,5,18.3,0.01
1187,345,2,437,3,28.88,0.0
1188,345,3,197,5,117.71,0.0
1189,346,1,483,2,30.82,0.05
1190,346,2,184,5,41.66,0.03
1191,346,3,227,2,66.5,0.0
1192,346,4,416,4,64.84,0.0
1193,347,1,298,2,67.16,0.0
1194,347,2,242,2,28.9,0.0
1195,347,3,397,4,125.81,0.0
1196,347,4,304,1,23.58,0.0
1197,348,1,59,5,14.4,0.0
1198,348,2,348,3,64.85,0.02
1199,349,1,205,5,137.49,0.0
1200,349,2,455,4,56.89,0.0
1201,350,1,294,5,43.86,0.14
1202,350,2,490,4,159.75,0.0
1203,350,3,369,2,41.26,0.0
1204,350,4,403,5,41.98,0.09
1205,350,5,145,1,25.74,0.0
1206,351,1,108,3,22.33,0.06
1207,351,2,343,4,135.87,0.0
1208,351,3,495,1,61.35,0.0
1209,351,4,434,3,9.78,0.0
1210,351,5,257,5,93.22,0.2
1211,352,1,7,4,77.92,0.0
1212,352,2,470,4,222.6,0.13
1213,352,3,486,4,137.22,0.0
1214,352,4,113,5,27.18,0.04
1215,353,1,215,2,23.51,0.0
1216,353,2,430,5,188.34,0.0
1217,353,3,299,2,15.82,0.0
1218,353,4,127,3,82.54,0.0
1219,354,1,14,5,146.21,0.0
1220,354,2,193,5,94.8,0.0
1221,354,3,431,5,124.51,0.12
1222,355,1,120,5,36.3,0.0
1223,355,2,258,1,12.89,0.0
1224,355,3,126,3,27.95,0.0
1225,355,4,10,1,15.86,0.0
1226,356,1,104,4,151.89,0.0
1227,356,2,92,1,86.29,0.0
1228,356,3,482,3,17.11,0.0
1229,356,4,65,4,107.87,0.0
1230,356,5,293,1,87.54,0.0
1231,357,1,314,1,54.83,0.0
1232,357,2,8,3,100.6,0.0
1233,357,3,467,1,23.31,0.0
1234,357,4,267,1,181.08,0.0
1235,357,5,164,4,153.65,0.0
1236,357,6,490,5,159.75,0.0
1237,358,1,270,5,24.48,0.0
1238,358,2,171,5,31.72,0.0
1239,358,3,432,5,60.85,0.06
1240,358,4,347,2,124.0,0.0
1241,358,5,147,4,73.9,0.06
1242,358,6,158,5,123.2,0.02
1243,359,1,287,5,23.11,0.0
1244,359,2,92,4,86.29,0.0
1245,359,3,295,2,71.78,0.02
1246,360,1,421,4,30.44,0.0
1247,361,1,156,2,68.36,0.06
1248,361,2,468,3,76.84,0.0
1249,361,3,361,5,34.73,0.08
1250,362,1,412,4,337.58,0.08
1251,363,1,189,5,22.0,0.0
1252,363,2,47,5,83.24,0.15
1253,363,3,200,2,57.83,0.0
1254,363,4,51,2,32.96,0.0
1255,363,5,215,3,23.51,0.0
1256,363,6,159,4,45.86,0.0
1257,364,1,156,3,68.36,0.0
1258,364,2,498,5,24.43,0.09
1259,364,3,494,2,454.64,0.13
1260,364,4,405,5,28.86,0.01
1261,365,1,359,5,331.2,0.0
1262,365,2,104,4,151.89,0.0
1263,366,1,30,3,27.7,0.0
1264,366,2,89,3,90.12,0.0
1265,366,3,375,5,13.84,0.0
1266,367,1,175,3,169.31,0.06
1267,367,2,352,1,118.36,0.0
1268,367,3,240,4,9.92,0.0
1269,367,4,258,2,12.89,0.0
1270,367,5,355,1,69.77,0.0
1271,368,1,424,3,53.65,0.0
1272,368,2,340,3,71.55,0.0
1273,368,3,112,5,47.83,0.0
1274,368,4,346,2,27.68,0.0
1275,368,5,4,5,34.14,0.0
1276,369,1,145,3,25.74,0.0
1277,369,2,235,3,64.12,0.01
1278,369,3,269,3,58.24,0.0
1279,369,4,332,4,76.75,0.13
1280,370,1,348,3,64.85,0.0
1281,370,2,274,4,81.71,0.0
1282,370,3,55,5,18.49,0.09
1283,370,4,235,4,64.12,0.0
1284,371,1,443,1,36.4,0.1
1285,371,2,199,2,102.28,0.0
1286,371,3,463,1,14.17,0.0
1287,372,1,325,3,31.28,0.0
1288,372,2,276,2,21.16,0.18
1289,373,1,96,3,50.51,0.0
1290,373,2,192,4,36.1,0.0
1291,373,3,315,1,168.52,0.0
1292,373,4,223,1,80.73,0.1
1293,374,1,290,1,14.75,0.0
1294,374,2,393,3,25.47,0.1
1295,374,3,445,1,121.47,0.0
1296,375,1,48,5,170.13,0.0
1297,375,2,390,2,45.46,0.08
1298,376,1,179,5,24.8,0.0
1299,376,2,9,5,187.28,0.03
1300,376,3,432,5,60.85,0.07
1301,376,4,403,1,41.98,0.13
1302,376,5,350,4,25.61,0.12
1303,376,6,244,4,20.75,0.12
1304,377,1,140,3,303.99,0.0
1305,377,2,467,1,23.31,0.0
1306,378,1,237,3,51.7,0.11
1307,378,2,67,4,63.6,0.0
1308,378,3,201,1,53.27,0.0
1309,378,4,384,3,43.43,0.0
1310,379,1,197,5,117.71,0.0
1311,379,2,23,5,46.17,0.0
1312,379,3,60,1,106.94,0.13
1313,379,4,328,4,49.12,0.0
1314,379,5,487,3,14.44,0.0
1315,380,1,301,4,49.25,0.12
1316,381,1,194,3,264.69,0.0
1317,381,2,234,3,138.05,0.0
1318,382,1,28,1,115.06,0.07
1319,382,2,359,1,331.2,0.0
1320,382,3,107,1,217.51,0.0
1321,382,4,79,5,31.13,0.1
1322,383,1,351,1,27.88,0.0
1323,383,2,419,3,27.02,0.0
1324,384,1,318,3,67.24,0.0
1325,384,2,196,2,39.65,0.0
1326,384,3,23,3,46.17,0.0
1327,385,1,408,4,29.56,0.0
1328,385,2,220,5,92.22,0.0
1329,385,3,66,4,91.81,0.0
1330,385,4,157,4,116.76,0.0
1331,385,5,143,3,145.75,0.0
1332,385,6,348,5,64.85,0.0
1333,386,1,393,4,25.47,0.0
1334,387,1,414,1,13.71,0.0
1335,387,2,233,4,40.53,0.0
1336,387,3,359,3,331.2,0.15
1337,387,4,339,5,117.47,0.0
1338,387,5,484,5,86.1,0.14
1339,388,1,42,2,73.86,0.07
1340,388,2,80,3,145.26,0.0
1341,388,3,450,5,230.28,0.0
1342,389,1,215,2,23.51,0.0
1343,390,1,419,1,27.02,0.0
1344,391,1,72,4,53.58,0.06
1345,391,2,13,3,13.35,0.0
1346,392,1,244,3,20.75,0.0
1347,392,2,318,5,67.24,0.0
1348,392,3,278,4,42.94,0.08
1349,392,4,50,2,23.65,0.0
1350,392,5,356,4,211.34,0.0
1351,392,6,358,2,19.71,0.05
1352,393,1,117,1,40.6,0.0
1353,393,2,449,4,105.49,0.0
1354,393,3,178,4,55.93,0.0
1355,393,4,453,1,36.16,0.0
1356,393,5,121,5,16.12,0.0
1357,394,1,109,2,14.03,0.08
1358,394,2,113,1,27.18,0.0
1359,394,3,19,3,54.23,0.0
1360,394,4,35,1,304.9,0.0
1361,394,5,159,4,45.86,0.22
1362,394,6,299,4,15.82,0.0
1363,395,1,176,2,65.96,0.0
1364,396,1,261,2,273.36,0.0
1365,396,2,256,4,25.28,0.0
1366,397,1,284,1,9.77,0.0
1367,397,2,263,1,22.4,0.0
1368,397,3,89,4,90.12,0.0
1369,397,4,358,5,19.71,0.0
1370,397,5,399,3,107.66,0.0
1371,398,1,6,5,91.02,0.18
1372,398,2,12,3,73.23,0.0
1373,398,3,377,5,30.66,0.0
1374,398,4,126,5,27.95,0.03
1375,399,1,22,3,36.42,0.0
1376,399,2,134,4,60.42,0.0
1377,399,3,420,1,132.97,0.0
1378,399,4,348,1,64.85,0.0
1379,400,1,166,3,55.8,0.0
1380,400,2,49,1,108.14,0.0
1381,400,3,275,4,33.01,0.0
1382,400,4,5,1,74.91,0.15
1383,401,1,372,1,40.37,0.09
1384,401,2,129,3,53.28,0.12
1385,402,1,61,3,221.42,0.0
1386,402,2,59,4,14.4,0.0
1387,402,3,78,5,34.43,0.11
1388,403,1,412,4,337.58,0.0
1389,404,1,212,4,167.42,0.0
1390,404,2,50,3,23.65,0.0
1391,404,3,425,3,38.99,0.0
1392,405,1,115,1,80.55,0.0
1393,405,2,123,5,188.61,0.0
1394,406,1,416,5,64.84,0.0
1395,406,2,69,3,40.67,0.08
1396,406,3,347,1,124.0,0.06
1397,406,4,23,2,46.17,0.04
1398,406,5,477,2,22.23,0.0
1399,406,6,147,1,73.9,0.0
1400,407,1,146,3,22.01,0.0
1401,407,2,222,4,43.61,0.09
1402,407,3,265,5,31.2,0.0
1403,407,4,108,3,22.33,0.0
1404,407,5,251,3,11.29,0.0
1405,408,1,229,4,181.56,0.0
1406,408,2,45,3,50.9,0.0
1407,409,1,263,5,22.4,0.0
1408,409,2,247,4,31.12,0.0
1409,409,3,135,4,104.91,0.0
1410,410,1,234,5,138.05,0.0
1411,410,2,177,1,17.69,0.0
1412,411,1,79,1,31.13,0.0
1413,411,2,260,2,16.06,0.08
1414,411,3,440,5,33.7,0.0
1415,411,4,30,5,27.7,0.0
1416,411,5,84,5,42.8,0.03
1417,412,1,63,3,21.23,0.0
1418,412,2,38,1,73.49,0.0
1419,412,3,280,2,99.57,0.0
1420,413,1,231,1,239.19,0.0
1421,413,2,90,1,29.52,0.0
1422,414,1,371,3,127.88,0.06
1423,414,2,146,1,22.01,0.0
1424,414,3,8,1,100.6,0.0
1425,414,4,456,3,89.72,0.0
1426,414,5,251,4,11.29,0.0
1427,414,6,332,1,76.75,0.0
1428,415,1,176,1,65.96,0.05
1429,415,2,471,1,33.12,0.0
1430,415,3,111,4,29.63,0.0
1431,415,4,358,3,19.71,0.0
1432,416,1,141,1,47.66,0.0
1433,416,2,240,1,9.92,0.0
1434,416,3,488,3,70.11,0.0
1435,416,4,307,2,88.99,0.0
1436,417,1,130,1,12.4,0.0
1437,417,2,108,1,22.33,0.02
1438,417,3,225,3,59.79,0.08
1439,417,4,280,1,99.57,0.06
1440,417,5,428,3,35.28,0.0
1441,417,6,218,2,14.47,0.0
1442,418,1,164,2,153.65,0.0
1443,419,1,484,4,86.1,0.07
1444,419,2,424,5,53.65,0.0
1445,419,3,259,5,8.14,0.0
1446,420,1,495,2,61.35,0.0
1447,420,2,396,1,40.74,0.0
1448,420,3,234,3,138.05,0.0
1449,420,4,59,5,14.4,0.0
1450,420,5,308,5,60.76,0.0
1451,421,1,160,4,45.15,0.0
1452,421,2,111,5,29.63,0.0
1453,422,1,391,3,102.63,0.0
1454,422,2,368,2,7.95,0.04
1455,423,1,294,1,43.86,0.06
1456,423,2,222,3,43.61,0.07
1457,424,1,365,5,16.31,0.0
1458,425,1,45,5,50.9,0.03
1459,426,1,246,1,138.46,0.0
1460,426,2,477,3,22.23,0.0
1461,426,3,482,2,17.11,0.0
1462,426,4,468,5,76.84,0.0
1463,426,5,213,3,39.79,0.0
1464,427,1,253,1,36.04,0.0
1465,427,2,500,1,7.49,0.0
1466,427,3,42,4,73.86,0.0
1467,427,4,271,3,60.19,0.0
1468,427,5,75,5,37.44,0.0
1469,427,6,139,4,24.63,0.0
1470,428,1,480,5,23.09,0.0
1471,428,2,410,1,18.25,0.0
1472,428,3,170,4,21.13,0.05
1473,428,4,419,3,27.02,0.0
1474,428,5,191,4,11.22,0.13
1475,429,1,160,5,45.15,0.0
1476,429,2,255,5,92.82,0.0
1477,429,3,447,1,12.43,0.0
1478,429,4,129,2,53.28,0.2
1479,429,5,475,3,51.75,0.0
1480,430,1,418,2,37.0,0.0
1481,431,1,171,2,31.72,0.15
1482,431,2,334,2,36.5,0.0
1483,432,1,20,4,95.34,0.0
1484,432,2,219,4,95.07,0.01
1485,432,3,350,4,25.61,0.0
1486,433,1,304,5,23.58,0.0
1487,434,1,221,5,17.33,0.0
1488,434,2,87,3,32.84,0.0
1489,434,3,469,5,113.19,0.0
1490,434,4,355,4,69.77,0.0
1491,435,1,212,4,167.42,0.0
1492,436,1,376,1,11.95,0.0
1493,436,2,417,3,32.27,0.0
1494,436,3,171,5,31.72,0.0
1495,437,1,439,5,56.28,0.0
1496,437,2,453,5,36.16,0.0
1497,437,3,363,2,15.15,0.02
1498,437,4,394,3,82.7,0.0
1499,437,5,475,3,51.75,0.14
1500,438,1,297,3,266.86,0.15
1501,438,2,400,3,25.59,0.02
1502,438,3,6,5,91.02,0.0
1503,438,4,249,5,34.22,0.01
1504,439,1,59,3,14.4,0.0
1505,440,1,191,5,11.22,0.0
1506,440,2,15,4,205.4,0.0
1507,440,3,212,4,167.42,0.0
1508,440,4,82,1,50.74,0.0
1509,441,1,127,5,82.54,0.0
1510,441,2,8,5,100.6,0.0
1511,441,3,204,1,138.24,0.0
1512,441,4,288,3,16.45,0.0
1513,442,1,494,3,454.64,0.0
1514,442,2,106,2,94.58,0.0
1515,443,1,268,2,91.57,0.1
1516,443,2,465,5,138.17,0.0
1517,443,3,119,1,68.35,0.0
1518,443,4,424,1,53.65,0.01
1519,443,5,446,1,93.17,0.0
1520,443,6,453,5,36.16,0.0
1521,444,1,262,3,102.77,0.0
1522,444,2,397,5,125.81,0.0
1523,445,1,425,3,38.99,0.0
1524,445,2,325,4,31.28,0.0
1525,445,3,295,3,71.78,0.0
1526,445,4,382,1,59.82,0.0
1527,445,5,237,3,51.7,0.03
1528,445,6,224,3,108.88,0.02
1529,446,1,118,2,18.3,0.0
1530,446,2,174,3,50.86,0.0
1531,447,1,278,3,42.94,0.0
1532,447,2,219,3,95.07,0.0
1533,447,3,308,4,60.76,0.0
1534,447,4,433,1,37.24,0.0
1535,447,5,249,1,34.22,0.0
1536,448,1,86,3,15.12,0.0
1537,448,2,392,2,142.47,0.0
1538,448,3,283,5,95.86,0.0
1539,448,4,333,2,93.1,0.0
1540,448,5,466,2,10.0,0.0
1541,449,1,460,2,61.66,0.0
1542,449,2,315,2,168.52,0.0
1543,449,3,123,2,188.61,0.0
1544,449,4,194,1,264.69,0.0
1545,449,5,499,3,69.44,0.08
1546,449,6,391,2,102.63,0.08
1547,450,1,360,1,17.39,0.0
1548,451,1,123,3,188.61,0.0
1549,451,2,152,1,20.46,0.0
1550,452,1,350,5,25.61,0.0
1551,452,2,500,5,7.49,0.01
1552,452,3,110,5,8.69,0.0
1553,452,4,395,4,33.42,0.06
1554,452,5,247,4,31.12,0.0
1555,453,1,250,2,14.89,0.0
1556,453,2,196,5,39.65,0.0
1557,453,3,245,3,111.59,0.0
1558,453,4,151,2,28.17,0.14
1559,454,1,273,1,27.98,0.0
1560,454,2,283,2,95.86,0.05
1561,454,3,97,5,33.09,0.0
1562,454,4,76,5,16.68,0.0
1563,455,1,230,2,34.12,0.03
1564,455,2,360,4,17.39,0.0
1565,455,3,167,2,19.46,0.0
1566,455,4,162,4,8.44,0.0
1567,455,5,258,2,12.89,0.0
1568,455,6,305,1,31.34,0.0
1569,456,1,90,5,29.52,0.0
1570,456,2,170,4,21.13,0.0
1571,456,3,448,3,27.78,0.0
1572,456,4,8,4,100.6,0.07
1573,456,5,424,4,53.65,0.0
1574,457,1,407,2,65.12,0.0
1575,457,2,428,2,35.28,0.06
1576,457,3,396,5,40.74,0.0
1577,458,1,328,3,49.12,0.0
1578,458,2,125,3,46.78,0.0
1579,458,3,282,5,142.57,0.0
1580,458,4,68,3,317.92,0.02
1581,458,5,60,3,106.94,0.03
1582,458,6,280,5,99.57,0.14
1583,459,1,198,2,144.82,0.07
1584,459,2,196,5,39.65,0.0
1585,459,3,495,3,61.35,0.0
1586,459,4,85,5,45.17,0.0
1587,459,5,93,1,34.38,0.0
1588,460,1,194,3,264.69,0.0
1589,461,1,495,4,61.35,0.13
1590,462,1,330,5,47.92,0.0
1591,462,2,361,3,34.73,0.0
1592,462,3,229,3,181.56,0.0
1593,462,4,393,4,25.47,0.0
1594,462,5,287,4,23.11,0.0
1595,462,6,419,2,27.02,0.0
1596,463,1,300,1,52.72,0.0
1597,463,2,436,1,14.78,0.18
1598,463,3,305,3,31.34,0.08
1599,464,1,90,5,29.52,0.0
1600,464,2,120,2,36.3,0.0
1601,464,3,336,2,71.57,0.0
1602,464,4,340,1,71.55,0.05
1603,464,5,383,5,171.49,0.0
1604,464,6,449,3,105.49,0.0
1605,465,1,110,5,8.69,0.06
1606,465,2,432,2,60.85,0.0
1607,465,3,233,2,40.53,0.09
1608,465,4,362,2,50.78,0.0
1609,465,5,346,2,27.68,0.0
1610,466,1,105,3,74.12,0.01
1611,467,1,379,4,106.76,0.14
1612,467,2,57,5,50.58,0.0
1613,467,3,354,2,23.78,0.0
1614,467,4,435,1,48.21,0.0
1615,467,5,95,3,12.18,0.0
1616,467,6,211,2,11.21,0.0
1617,468,1,317,3,18.63,0.0
1618,468,2,207,1,49.04,0.03
1619,469,1,302,2,42.98,0.07
1620,470,1,372,2,40.37,0.15
1621,471,1,363,2,15.15,0.0
1622,471,2,382,1,59.82,0.0
1623,471,3,399,2,107.66,0.0
1624,471,4,45,5,50.9,0.0
1625,471,5,256,3,25.28,0.06
1626,471,6,220,4,92.22,0.0
1627,472,1,208,5,21.37,0.0
1628,472,2,497,2,51.57,0.0
1629,473,1,305,3,31.34,0.0
1630,473,2,395,5,33.42,0.0
1631,473,3,161,4,39.0,0.0
1632,473,4,340,2,71.55,0.09
1633,473,5,199,1,102.28,0.0
1634,473,6,146,5,22.01,0.0
1635,474,1,432,3,60.85,0.0
1636,474,2,60,4,106.94,0.12
1637,474,3,273,5,27.98,0.04
1638,475,1,489,5,77.49,0.0
1639,475,2,141,4,47.66,0.0
1640,475,3,181,5,21.67,0.0
1641,475,4,281,4,45.14,0.0
1642,476,1,143,1,145.75,0.01
1643,476,2,251,4,11.29,0.0
1644,476,3,141,4,47.66,0.0
1645,476,4,262,1,102.77,0.18
1646,477,1,398,3,47.78,0.0
1647,478,1,66,3,91.81,0.0
1648,478,2,345,4,78.08,0.0
1649,478,3,187,2,23.5,0.0
1650,478,4,223,5,80.73,0.0
1651,478,5,133,3,49.33,0.0
1652,478,6,211,3,11.21,0.0
1653,479,1,371,3,127.88,0.0
1654,479,2,232,2,73.47,0.0
1655,479,3,334,2,36.5,0.0
1656,479,4,271,1,60.19,0.0
1657,479,5,482,3,17.11,0.06
1658,479,6,340,4,71.55,0.0
1659,480,1,48,2,170.13,0.0
1660,480,2,312,3,33.85,0.0
1661,480,3,135,5,104.91,0.0
1662,480,4,219,1,95.07,0.0
1663,480,5,265,1,31.2,0.0
1664,480,6,354,1,23.78,0.0
1665,481,1,28,5,115.06,0.0
1666,481,2,185,2,144.2,0.0
1667,482,1,459,3,16.4,0.0
1668,482,2,287,4,23.11,0.0
1669,482,3,281,2,45.14,0.0
1670,482,4,273,3,27.98,0.0
1671,482,5,390,2,45.46,0.0
1672,483,1,127,3,82.54,0.0
1673,483,2,323,2,198.69,0.0
1674,483,3,21,4,46.35,0.13
1675,483,4,492,3,54.27,0.0
1676,483,5,329,4,211.37,0.02
1677,484,1,438,4,61.8,0.01
1678,485,1,318,4,67.24,0.0
1679,486,1,194,1,264.69,0.0
1680,486,2,17,3,67.93,0.02
1681,486,3,394,5,82.7,0.0
1682,486,4,396,5,40.74,0.0
1683,487,1,81,1,41.95,0.05
1684,487,2,257,1,93.22,0.0
1685,487,3,277,3,38.41,0.04
1686,487,4,463,1,14.17,0.0
1687,487,5,152,3,20.46,0.0
1688,488,1,35,3,304.9,0.0
1689,488,2,130,4,12.4,0.0
1690,488,3,82,4,50.74,0.0
1691,488,4,455,3,56.89,0.07
1692,488,5,256,4,25.28,0.06
1693,488,6,364,2,9.17,0.0
1694,489,1,92,4,86.29,0.07
1695,489,2,202,1,76.0,0.0
1696,489,3,279,2,14.91,0.08
1697,489,4,151,3,28.17,0.0
1698,490,1,383,4,171.49,0.0
1699,490,2,491,1,222.51,0.0
1700,490,3,174,2,50.86,0.0
1701,490,4,184,1,41.66,0.0
1702,490,5,58,3,172.31,0.0
1703,490,6,32,3,231.72,0.0
1704,491,1,26,4,85.87,0.0
1705,491,2,39,1,156.55,0.0
1706,491,3,199,2,102.28,0.0
1707,491,4,259,3,8.14,0.12
1708,492,1,267,3,181.08,0.0
1709,492,2,387,4,114.26,0.1
1710,492,3,382,2,59.82,0.0
1711,492,4,276,3,21.16,0.0
1712,492,5,210,3,26.82,0.0
1713,493,1,114,2,41.96,0.03
1714,493,2,448,3,27.78,0.0
1715,493,3,500,4,7.49,0.0
1716,493,4,146,4,22.01,0.0
1717,493,5,299,5,15.82,0.16
1718,493,6,352,1,118.36,0.1
1719,494,1,460,5,61.66,0.0
1720,494,2,391,3,102.63,0.0
1721,494,3,16,4,33.37,0.0
1722,494,4,247,2,31.12,0.0
1723,494,5,226,3,129.15,0.0
1724,494,6,474,5,87.11,0.0
1725,495,1,9,3,187.28,0.0
1726,495,2,409,2,31.1,0.0
1727,496,1,121,3,16.12,0.12
1728,497,1,483,4,30.82,0.0
1729,497,2,324,5,42.21,0.1
1730,497,3,24,4,17.72,0.11
1731,497,4,37,4,68.39,0.0
1732,497,5,471,2,33.12,0.06
1733,497,6,61,4,221.42,0.0
1734,498,1,232,5,73.47,0.0
1735,498,2,72,3,53.58,0.0
1736,498,3,388,3,35.04,0.0
1737,498,4,280,1,99.57,0.0
1738,498,5,118,3,18.3,0.0
1739,499,1,389,5,88.68,0.03
1740,499,2,81,2,41.95,0.0
1741,499,3,136,2,41.72,0.0
1742,500,1,131,1,55.13,0.0
1743,500,2,7,3,77.92,0.0
1744,501,1,346,3,27.68,0.0
1745,501,2,226,4,129.15,0.0
1746,502,1,194,4,264.69,0.03
1747,503,1,208,2,21.37,0.0
1748,503,2,68,1,317.92,0.0
1749,503,3,137,3,47.29,0.0
1750,503,4,47,5,83.24,0.0
1751,503,5,195,3,78.83,0.0
1752,504,1,341,3,153.86,0.0
1753,504,2,424,3,53.65,0.0
1754,504,3,18,4,59.37,0.0
1755,504,4,187,1,23.5,0.0
1756,505,1,14,1,146.21,0.0
1757,505,2,288,5,16.45,0.01
1758,505,3,48,5,170.13,0.0
1759,505,4,37,3,68.39,0.04
1760,505,5,98,1,87.66,0.0
1761,505,6,466,1,10.0,0.0
1762,506,1,317,3,18.63,0.0
1763,506,2,205,2,137.49,0.0
1764,506,3,337,5,47.7,0.03
1765,507,1,354,5,23.78,0.0
1766,507,2,182,2,67.77,0.01
1767,507,3,30,1,27.7,0.0
1768,507,4,41,2,197.59,0.15
1769,507,5,171,3,31.72,0.0
1770,507,6,234,5,138.05,0.0
1771,508,1,38,5,73.49,0.0
1772,508,2,336,1,71.57,0.0
1773,508,3,339,3,117.47,0.0
1774,508,4,187,3,23.5,0.0
1775,508,5,492,4,54.27,0.1
1776,508,6,243,5,61.98,0.0
1777,509,1,264,3,113.9,0.0
1778,510,1,347,3,124.0,0.0
1779,510,2,408,3,29.56,0.0
1780,511,1,21,2,46.35,0.0
1781,511,2,188,1,76.43,0.0
1782,511,3,10,5,15.86,0.0
1783,512,1,72,5,53.58,0.0
1784,512,2,361,4,34.73,0.0
1785,512,3,28,2,115.06,0.0
1786,512,4,145,2,25.74,0.01
1787,512,5,12,2,73.23,0.0
1788,513,1,423,2,52.98,0.0
1789,513,2,306,2,135.95,0.0
1790,513,3,86,4,15.12,0.0
1791,513,4,130,2,12.4,0.0
1792,513,5,53,2,10.49,0.0
1793,514,1,430,1,188.34,0.0
1794,514,2,227,1,66.5,0.0
1795,514,3,302,4,42.98,0.0
1796,515,1,109,4,14.03,0.0
1797,515,2,3,5,49.96,0.0
1798,515,3,338,1,52.61,0.0
1799,515,4,14,4,146.21,0.0
1800,515,5,414,3,13.71,0.0
1801,515,6,258,5,12.89,0.0
1802,516,1,499,4,69.44,0.0
1803,516,2,422,3,10.16,0.0
1804,516,3,87,1,32.84,0.0
1805,516,4,408,1,29.56,0.0
1806,516,5,352,4,118.36,0.0
1807,516,6,147,4,73.9,0.0
1808,517,1,358,1,19.71,0.0
1809,518,1,309,5,36.93,0.0
1810,518,2,343,1,135.87,0.0
1811,518,3,431,2,124.51,0.0
1812,518,4,143,1,145.75,0.0
1813,518,5,427,5,88.64,0.0
1814,519,1,103,3,12.15,0.0
1815,519,2,355,3,69.77,0.0
1816,520,1,324,4,42.21,0.0
1817,520,2,12,5,73.23,0.0
1818,520,3,85,5,45.17,0.0
1819,520,4,195,2,78.83,0.0
1820,520,5,225,4,59.79,0.0
1821,520,6,377,3,30.66,0.0
1822,521,1,385,5,89.66,0.0
1823,522,1,304,5,23.58,0.12
1824,522,2,39,4,156.55,0.0
1825,523,1,238,3,110.0,0.0
1826,523,2,157,3,116.76,0.0
1827,523,3,2,3,53.87,0.0
1828,523,4,203,5,56.16,0.0
1829,523,5,1,3,193.34,0.0
1830,524,1,369,4,41.26,0.07
1831,525,1,295,3,71.78,0.0
1832,525,2,180,2,19.83,0.0
1833,526,1,345,1,78.08,0.17
1834,526,2,109,5,14.03,0.0
1835,527,1,283,1,95.86,0.12
1836,527,2,429,4,53.52,0.13
1837,527,3,1,1,193.34,0.0
1838,528,1,240,1,9.92,0.0
1839,529,1,350,4,25.61,0.07
1840,530,1,226,3,129.15,0.0
1841,530,2,430,2,188.34,0.12
1842,530,3,404,4,10.1,0.0
1843,530,4,403,1,41.98,0.0
1844,530,5,166,5,55.8,0.0
1845,530,6,445,2,121.47,0.0
1846,531,1,419,3,27.02,0.0
1847,531,2,213,5,39.79,0.0
1848,531,3,299,1,15.82,0.09
1849,532,1,288,1,16.45,0.06
1850,532,2,307,5,88.99,0.0
1851,532,3,201,4,53.27,0.0
1852,532,4,371,4,127.88,0.0
1853,533,1,494,5,454.64,0.2
1854,533,2,275,1,33.01,0.0
1855,533,3,493,3,111.26,0.0
1856,533,4,388,4,35.04,0.2
1857,533,5,251,2,11.29,0.0
1858,533,6,341,1,153.86,0.0
1859,534,1,496,1,72.67,0.05
1860,534,2,406,5,100.37,0.0
1861,535,1,384,1,43.43,0.0
1862,535,2,25,5,39.33,0.0
1863,535,3,450,5,230.28,0.0
1864,535,4,32,4,231.72,0.0
1865,536,1,188,5,76.43,0.02
1866,536,2,235,2,64.12,0.01
1867,537,1,383,3,171.49,0.0
1868,537,2,6,2,91.02,0.0
1869,538,1,314,1,54.83,0.0
1870,538,2,406,4,100.37,0.0
1871,538,3,49,4,108.14,0.0
1872,538,4,14,3,146.21,0.0
1873,538,5,25,4,39.33,0.0
1874,538,6,478,5,58.06,0.0
1875,539,1,105,3,74.12,0.0
1876,539,2,249,5,34.22,0.0
1877,539,3,456,1,89.72,0.0
1878,539,4,280,4,99.57,0.0
1879,540,1,288,1,16.45,0.0
1880,541,1,383,5,171.49,0.0
1881,541,2,421,2,30.44,0.0
1882,541,3,2,1,53.87,0.0
1883,541,4,27,4,166.45,0.0
1884,541,5,128,5,44.47,0.0
1885,542,1,389,4,88.68,0.0
1886,542,2,148,5,25.75,0.0
1887,542,3,495,2,61.35,0.0
1888,542,4,264,3,113.9,0.0
1889,543,1,89,1,90.12,0.0
1890,543,2,293,2,87.54,0.0
1891,544,1,142,3,27.81,0.0
1892,544,2,276,2,21.16,0.0
1893,544,3,356,4,211.34,0.0
1894,544,4,464,3,72.21,0.0
1895,545,1,260,1,16.06,0.0
1896,545,2,289,2,111.08,0.0
1897,545,3,436,1,14.78,0.18
1898,546,1,310,1,14.68,0.03
1899,546,2,290,4,14.75,0.0
1900,547,1,24,5,17.72,0.0
1901,547,2,113,1,27.18,0.0
1902,547,3,302,4,42.98,0.0
1903,547,4,142,4,27.81,0.0
1904,547,5,457,5,64.22,0.0
1905,548,1,196,2,39.65,0.0
1906,548,2,142,5,27.81,0.22
1907,548,3,190,1,46.49,0.0
1908,548,4,467,4,23.31,0.0
1909,548,5,256,5,25.28,0.0
1910,548,6,336,2,71.57,0.0
1911,549,1,87,3,32.84,0.12
1912,550,1,214,3,110.22,0.0
1913,550,2,396,1,40.74,0.0
1914,550,3,96,3,50.51,0.0
1915,551,1,240,2,9.92,0.0
1916,551,2,4,1,34.14,0.0
1917,552,1,135,1,104.91,0.0
1918,552,2,257,4,93.22,0.08
1919,552,3,259,4,8.14,0.0
1920,553,1,423,3,52.98,0.0
1921,553,2,69,2,40.67,0.0
1922,553,3,36,1,87.24,0.0
1923,553,4,272,1,7.78,0.0
1924,553,5,497,2,51.57,0.0
1925,553,6,47,5,83.24,0.0
1926,554,1,111,4,29.63,0.0
1927,554,2,194,4,264.69,0.01
1928,554,3,87,3,32.84,0.01
1929,554,4,394,1,82.7,0.06
1930,554,5,423,1,52.98,0.0
1931,554,6,391,2,102.63,0.0
1932,555,1,285,4,36.57,0.0
1933,556,1,372,3,40.37,0.0
1934,556,2,59,1,14.4,0.0
1935,556,3,189,5,22.0,0.0
1936,556,4,225,3,59.79,0.0
1937,557,1,124,2,8.31,0.0
1938,557,2,478,5,58.06,0.02
1939,557,3,69,5,40.67,0.0
1940,558,1,490,3,159.75,0.0
1941,558,2,461,5,90.7,0.0
1942,558,3,109,1,14.03,0.0
1943,558,4,243,2,61.98,0.0
1944,558,5,339,1,117.47,0.0
1945,558,6,70,3,16.86,0.0
1946,559,1,270,3,24.48,0.0
1947,559,2,24,4,17.72,0.0
1948,559,3,484,5,86.1,0.0
1949,559,4,447,5,12.43,0.0
1950,559,5,397,3,125.81,0.0
1951,560,1,174,4,50.86,0.0
1952,560,2,203,2,56.16,0.0
1953,561,1,288,4,16.45,0.08
1954,562,1,284,4,9.77,0.0
1955,562,2,140,5,303.99,0.0
1956,562,3,317,4,18.63,0.0
1957,562,4,373,1,25.77,0.0
1958,562,5,178,2,55.93,0.0
1959,563,1,111,2,29.63,0.0
1960,564,1,95,5,12.18,0.0
1961,564,2,321,3,70.03,0.0
1962,565,1,10,5,15.86,0.0
1963,565,2,471,3,33.12,0.0
1964,565,3,41,4,197.59,0.0
1965,565,4,278,2,42.94,0.0
1966,566,1,168,2,24.31,0.0
1967,567,1,232,5,73.47,0.0
1968,567,2,272,1,7.78,0.0
1969,567,3,417,1,32.27,0.0
1970,567,4,40,1,26.83,0.0
1971,568,1,400,4,25.59,0.0
1972,568,2,180,5,19.83,0.0
1973,568,3,395,4,33.42,0.17
1974,568,4,143,1,145.75,0.0
1975,569,1,60,4,106.94,0.0
1976,569,2,197,1,117.71,0.0
1977,570,1,241,1,29.89,0.0
1978,570,2,317,3,18.63,0.0
1979,571,1,264,5,113.9,0.0
1980,571,2,158,2,123.2,0.0
1981,571,3,47,1,83.24,0.0
1982,571,4,161,5,39.0,0.0
1983,571,5,360,2,17.39,0.0
1984,572,1,17,3,67.93,0.05
1985,572,2,81,2,41.95,0.0
1986,572,3,61,5,221.42,0.0
1987,573,1,295,4,71.78,0.0
1988,573,2,204,2,138.24,0.0
1989,573,3,438,5,61.8,0.0
1990,573,4,41,2,197.59,0.0
1991,573,5,441,5,33.17,0.0
1992,573,6,328,5,49.12,0.12
1993,574,1,292,3,5.13,0.0
1994,574,2,288,2,16.45,0.0
1995,575,1,128,1,44.47,0.0
1996,575,2,312,5,33.85,0.0
1997,575,3,436,2,14.78,0.0
1998,576,1,131,2,55.13,0.0
1999,577,1,98,3,87.66,0.14
2000,577,2,432,5,60.85,0.0
2001,577,3,436,2,14.78,0.0
2002,578,1,328,3,49.12,0.0
2003,578,2,179,2,24.8,0.13
2004,578,3,316,5,14.83,0.06
2005,579,1,207,1,49.04,0.0
2006,579,2,176,4,65.96,0.0
2007,580,1,103,5,12.15,0.0
2008,580,2,316,2,14.83,0.0
2009,581,1,89,2,90.12,0.04
2010,581,2,70,4,16.86,0.12
2011,581,3,13,2,13.35,0.15
2012,581,4,299,1,15.82,0.0
2013,581,5,367,5,104.45,0.09
2014,582,1,59,1,14.4,0.12
2015,582,2,411,1,253.35,0.0
2016,582,3,229,1,181.56,0.0
2017,582,4,114,5,41.96,0.0
2018,583,1,155,3,286.46,0.0
2019,584,1,411,3,253.35,0.0
2020,584,2,104,2,151.89,0.07
2021,584,3,66,2,91.81,0.06
2022,585,1,469,3,113.19,0.0
2023,586,1,245,2,111.59,0.08
2024,586,2,311,4,18.18,0.0
2025,587,1,1,3,193.34,0.0
2026,587,2,169,1,117.85,0.0
2027,587,3,225,1,59.79,0.0
2028,588,1,490,4,159.75,0.0
2029,588,2,343,5,135.87,0.0
2030,588,3,25,5,39.33,0.0
2031,588,4,244,3,20.75,0.0
2032,589,1,370,3,95.16,0.0
2033,589,2,218,5,14.47,0.0
2034,590,1,12,3,73.23,0.0
2035,590,2,392,2,142.47,0.0
2036,590,3,187,2,23.5,0.0
2037,590,4,86,4,15.12,0.0
2038,590,5,481,2,18.61,0.04
2039,590,6,25,2,39.33,0.0
2040,591,1,29,5,42.85,0.0
2041,592,1,384,5,43.43,0.01
2042,593,1,87,3,32.84,0.0
2043,594,1,31,1,42.74,0.0
2044,594,2,177,1,17.69,0.05
2045,595,1,416,2,64.84,0.05
2046,595,2,464,2,72.21,0.0
2047,595,3,368,3,7.95,0.15
2048,595,4,462,5,6.84,0.0
2049,595,5,169,2,117.85,0.0
2050,596,1,388,4,35.04,0.0
2051,596,2,168,1,24.31,0.0
2052,596,3,284,3,9.77,0.0
2053,596,4,373,1,25.77,0.04
2054,596,5,44,1,99.86,0.0
2055,596,6,487,4,14.44,0.0
2056,597,1,437,4,28.88,0.15
2057,597,2,474,3,87.11,0.0
2058,598,1,84,1,42.8,0.0
2059,598,2,75,5,37.44,0.0
2060,598,3,100,2,25.45,0.0
2061,598,4,275,4,33.01,0.0
2062,598,5,403,5,41.98,0.08
2063,598,6,246,1,138.46,0.0
2064,599,1,165,4,53.98,0.0
2065,599,2,114,5,41.96,0.0
2066,600,1,194,4,264.69,0.0
2067,600,2,71,5,9.68,0.0
2068,601,1,24,4,17.72,0.0
2069,601,2,383,5,171.49,0.0
2070,601,3,94,3,276.63,0.0
2071,601,4,284,3,9.77,0.0
2072,602,1,99,1,74.56,0.0
2073,602,2,146,3,22.01,0.0
2074,603,1,153,2,78.89,0.0
2075,603,2,488,2,70.11,0.02
2076,604,1,355,3,69.77,0.0
2077,605,1,324,5,42.21,0.0
2078,606,1,352,1,118.36,0.0
2079,606,2,390,1,45.46,0.0
2080,607,1,43,4,18.64,0.0
2081,607,2,162,2,8.44,0.0
2082,607,3,155,1,286.46,0.0
2083,607,4,209,5,78.66,0.08
2084,608,1,411,4,253.35,0.0
2085,608,2,218,3,14.47,0.01
2086,608,3,315,1,168.52,0.0
2087,609,1,309,5,36.93,0.0
2088,609,2,80,5,145.26,0.0
2089,609,3,293,5,87.54,0.0
2090,609,4,6,2,91.02,0.0
2091,609,5,358,4,19.71,0.0
2092,610,1,104,5,151.89,0.0
2093,610,2,227,3,66.5,0.0
2094,610,3,415,1,57.8,0.0
2095,610,4,416,4,64.84,0.0
2096,610,5,300,4,52.72,0.12
2097,610,6,304,3,23.58,0.05
2098,611,1,306,1,135.95,0.03
2099,611,2,232,2,73.47,0.0
2100,611,3,136,4,41.72,0.0
2101,611,4,213,3,39.79,0.0
2102,611,5,84,4,42.8,0.0
2103,612,1,123,5,188.61,0.0
2104,612,2,450,4,230.28,0.0
2105,612,3,21,5,46.35,0.0
2106,613,1,214,2,110.22,0.0
2107,613,2,86,4,15.12,0.0
2108,613,3,254,2,7.02,0.0
2109,613,4,313,4,93.52,0.0
2110,613,5,372,3,40.37,0.1
2111,613,6,318,2,67.24,0.0
2112,614,1,423,3,52.98,0.07
2113,615,1,466,1,10.0,0.0
2114,615,2,201,4,53.27,0.03
2115,615,3,408,3,29.56,0.0
2116,615,4,236,4,21.9,0.0
2117,615,5,262,1,102.77,0.0
2118,615,6,332,5,76.75,0.07
2119,616,1,469,1,113.19,0.0
2120,616,2,192,3,36.1,0.0
2121,617,1,42,5,73.86,0.04
2122,617,2,26,5,85.87,0.14
2123,617,3,258,3,12.89,0.0
2124,617,4,179,1,24.8,0.0
2125,617,5,300,4,52.72,0.0
2126,617,6,163,2,89.3,0.0
2127,618,1,424,2,53.65,0.0
2128,619,1,469,1,113.19,0.0
2129,619,2,173,5,15.96,0.1
2130,619,3,26,4,85.87,0.1
2131,619,4,487,5,14.44,0.0
2132,619,5,401,2,44.0,0.0
2133,620,1,173,2,15.96,0.0
2134,620,2,450,4,230.28,0.06
2135,620,3,283,1,95.86,0.0
2136,620,4,449,5,105.49,0.0
2137,620,5,453,4,36.16,0.0
2138,620,6,409,1,31.1,0.0
2139,621,1,152,1,20.46,0.0
2140,621,2,310,4,14.68,0.05
2141,621,3,185,1,144.2,0.0
2142,621,4,327,2,121.16,0.0
2143,621,5,417,2,32.27,0.0
2144,621,6,206,2,113.64,0.0
2145,622,1,478,5,58.06,0.16
2146,623,1,30,2,27.7,0.0
2147,623,2,275,5,33.01,0.11
2148,623,3,371,4,127.88,0.0
2149,623,4,437,5,28.88,0.0
2150,624,1,99,1,74.56,0.0
2151,624,2,185,2,144.2,0.0
2152,624,3,83,2,86.34,0.0
2153,624,4,184,3,41.66,0.0
2154,624,5,94,4,276.63,0.0
2155,625,1,405,5,28.86,0.0
2156,625,2,432,3,60.85,0.0
2157,625,3,365,1,16.31,0.0
2158,625,4,107,1,217.51,0.0
2159,625,5,285,2,36.57,0.0
2160,625,6,498,5,24.43,0.0
2161,626,1,364,2,9.17,0.0
2162,626,2,382,4,59.82,0.0
2163,627,1,18,1,59.37,0.0
2164,627,2,37,5,68.39,0.12
2165,627,3,22,5,36.42,0.0
2166,628,1,59,2,14.4,0.0
2167,629,1,255,2,92.82,0.0
2168,629,2,30,5,27.7,0.0
2169,629,3,32,3,231.72,0.0
2170,629,4,276,3,21.16,0.0
2171,629,5,108,2,22.33,0.14
2172,629,6,480,1,23.09,0.0
2173,630,1,378,4,110.01,0.0
2174,631,1,273,5,27.98,0.0
2175,632,1,333,1,93.1,0.0
2176,633,1,430,4,188.34,0.0
2177,633,2,197,3,117.71,0.0
2178,633,3,295,1,71.78,0.0
2179,634,1,175,2,169.31,0.08
2180,634,2,417,4,32.27,0.0
2181,635,1,134,4,60.42,0.08
2182,635,2,204,5,138.24,0.05
2183,636,1,376,2,11.95,0.0
2184,636,2,181,1,21.67,0.0
2185,636,3,412,5,337.58,0.0
2186,637,1,356,5,211.34,0.0
2187,637,2,362,3,50.78,0.04
2188,637,3,473,5,38.46,0.0
2189,637,4,174,4,50.86,0.0
2190,637,5,227,2,66.5,0.0
2191,637,6,270,5,24.48,0.0
2192,638,1,5,2,74.91,0.0
2193,638,2,333,4,93.1,0.11
2194,638,3,362,5,50.78,0.0
2195,638,4,131,4,55.13,0.06
2196,638,5,74,2,26.98,0.0
2197,638,6,225,3,59.79,0.0
2198,639,1,355,4,69.77,0.04
2199,639,2,370,4,95.16,0.0
2200,639,3,277,2,38.41,0.06
2201,640,1,217,1,82.88,0.04
2202,640,2,65,5,107.87,0.1
2203,641,1,49,4,108.14,0.09
2204,641,2,162,5,8.44,0.0
2205,641,3,72,5,53.58,0.1
2206,641,4,464,1,72.21,0.0
2207,641,5,341,3,153.86,0.0
2208,641,6,41,2,197.59,0.07
2209,642,1,429,4,53.52,0.01
2210,642,2,319,4,143.93,0.0
2211,642,3,337,4,47.7,0.03
2212,642,4,132,3,60.78,0.0
2213,642,5,467,4,23.31,0.0
2214,642,6,422,1,10.16,0.0
2215,643,1,287,3,23.11,0.0
2216,644,1,333,1,93.1,0.04
2217,644,2,139,3,24.63,0.0
2218,644,3,369,5,41.26,0.0
2219,644,4,301,5,49.25,0.0
2220,644,5,324,4,42.21,0.0
2221,645,1,452,3,69.42,0.0
2222,645,2,388,3,35.04,0.0
2223,645,3,410,5,18.25,0.0
2224,645,4,145,5,25.74,0.02
2225,645,5,409,4,31.1,0.19
2226,645,6,372,5,40.37,0.0
2227,646,1,438,3,61.8,0.0
2228,646,2,283,3,95.86,0.06
2229,646,3,38,1,73.49,0.0
2230,647,1,290,4,14.75,0.0
2231,647,2,454,4,43.21,0.0
2232,648,1,206,3,113.64,0.07
2233,648,2,486,2,137.22,0.0
2234,649,1,30,4,27.7,0.0
2235,649,2,343,4,135.87,0.04
2236,649,3,68,1,317.92,0.0
2237,649,4,4,3,34.14,0.0
2238,650,1,333,3,93.1,0.0
2239,650,2,120,2,36.3,0.0
2240,650,3,59,5,14.4,0.0
2241,650,4,338,2,52.61,0.0
2242,650,5,460,1,61.66,0.0
2243,651,1,160,3,45.15,0.0
2244,651,2,420,5,132.97,0.0
2245,652,1,12,1,73.23,0.0
2246,652,2,47,4,83.24,0.03
2247,652,3,353,3,146.41,0.0
2248,652,4,402,4,45.35,0.0
2249,652,5,354,3,23.78,0.08
2250,652,6,253,5,36.04,0.0
2251,653,1,21,4,46.35,0.0
2252,653,2,172,5,26.56,0.0
2253,654,1,54,4,36.42,0.0
2254,655,1,110,1,8.69,0.0
2255,655,2,3,3,49.96,0.0
2256,656,1,306,1,135.95,0.0
2257,656,2,226,2,129.15,0.0
2258,656,3,189,2,22.0,0.0
2259,656,4,397,1,125.81,0.0
2260,656,5,45,4,50.9,0.0
2261,657,1,156,2,68.36,0.0
2262,657,2,249,3,34.22,0.0
2263,658,1,215,1,23.51,0.0
2264,658,2,104,4,151.89,0.0
2265,658,3,242,4,28.9,0.12
2266,658,4,387,5,114.26,0.0
2267,658,5,240,5,9.92,0.0
2268,658,6,297,5,266.86,0.0
2269,659,1,313,4,93.52,0.0
2270,659,2,226,1,129.15,0.0
2271,660,1,99,5,74.56,0.0
2272,661,1,328,4,49.12,0.0
2273,661,2,295,2,71.78,0.0
2274,661,3,144,3,69.95,0.0
2275,661,4,6,2,91.02,0.09
2276,661,5,102,4,12.42,0.0
2277,661,6,123,1,188.61,0.0
2278,662,1,271,3,60.19,0.0
2279,662,2,332,3,76.75,0.0
2280,662,3,66,4,91.81,0.0
2281,662,4,75,5,37.44,0.0
2282,663,1,317,4,18.63,0.0
2283,663,2,6,2,91.02,0.0
2284,663,3,416,1,64.84,0.13
2285,663,4,58,3,172.31,0.0
2286,664,1,144,1,69.95,0.0
2287,664,2,215,4,23.51,0.0
2288,664,3,334,1,36.5,0.13
2289,664,4,321,3,70.03,0.0
2290,664,5,375,4,13.84,0.04
2291,665,1,390,5,45.46,0.0
2292,665,2,441,2,33.17,0.0
2293,665,3,95,5,12.18,0.0
2294,665,4,454,2,43.21,0.0
2295,665,5,338,3,52.61,0.0
2296,665,6,483,2,30.82,0.05
2297,666,1,129,1,53.28,0.0
2298,666,2,246,4,138.46,0.0
2299,666,3,306,3,135.95,0.0
2300,667,1,355,2,69.77,0.0
2301,667,2,51,3,32.96,0.0
2302,667,3,301,5,49.25,0.0
2303,667,4,1,5,193.34,0.0
2304,667,5,230,4,34.12,0.06
2305,668,1,478,3,58.06,0.0
2306,668,2,431,2,124.51,0.0
2307,669,1,204,4,138.24,0.0
2308,669,2,61,4,221.42,0.0
2309,669,3,300,4,52.72,0.0
2310,669,4,392,3,142.47,0.0
2311,670,1,20,1,95.34,0.0
2312,670,2,356,3,211.34,0.11
2313,670,3,327,3,121.16,0.02
2314,670,4,291,3,84.84,0.14
2315,670,5,495,4,61.35,0.0
2316,671,1,246,4,138.46,0.11
2317,671,2,467,5,23.31,0.0
2318,671,3,50,2,23.65,0.0
2319,671,4,80,1,145.26,0.0
2320,671,5,116,2,18.18,0.0
2321,671,6,112,3,47.83,0.0
2322,672,1,177,3,17.69,0.0
2323,673,1,495,3,61.35,0.07
2324,673,2,154,4,70.97,0.0
2325,673,3,16,3,33.37,0.0
2326,673,4,457,4,64.22,0.0
2327,673,5,410,3,18.25,0.0
2328,674,1,306,1,135.95,0.0
2329,674,2,383,4,171.49,0.0
2330,674,3,425,3,38.99,0.0
2331,674,4,51,1,32.96,0.02
2332,675,1,440,1,33.7,0.0
2333,676,1,18,5,59.37,0.0
2334,677,1,202,2,76.0,0.0
2335,677,2,331,4,173.84,0.0
2336,678,1,130,5,12.4,0.0
2337,679,1,292,1,5.13,0.02
2338,679,2,252,5,21.31,0.0
2339,680,1,7,3,77.92,0.09
2340,680,2,15,2,205.4,0.13
2341,680,3,399,4,107.66,0.02
2342,680,4,328,3,49.12,0.12
2343,680,5,315,3,168.52,0.0
2344,681,1,414,4,13.71,0.0
2345,681,2,219,1,95.07,0.0
2346,681,3,458,2,54.93,0.0
2347,682,1,376,1,11.95,0.0
2348,682,2,79,5,31.13,0.0
2349,682,3,44,3,99.86,0.0
2350,682,4,53,4,10.49,0.0
2351,683,1,16,4,33.37,0.0
2352,683,2,180,1,19.83,0.0
2353,683,3,113,4,27.18,0.0
2354,684,1,192,5,36.1,0.0
2355,684,2,385,4,89.66,0.0
2356,684,3,65,1,107.87,0.0
2357,684,4,185,4,144.2,0.0
2358,685,1,410,1,18.25,0.0
2359,685,2,233,1,40.53,0.0
2360,685,3,226,5,129.15,0.0
2361,685,4,156,5,68.36,0.0
2362,685,5,325,5,31.28,0.0
2363,685,6,227,4,66.5,0.11
2364,686,1,410,1,18.25,0.0
2365,686,2,345,1,78.08,0.0
2366,686,3,399,4,107.66,0.0
2367,687,1,429,5,53.52,0.0
2368,687,2,308,4,60.76,0.0
2369,687,3,144,5,69.95,0.0
2370,687,4,366,2,62.98,0.0
2371,687,5,223,2,80.73,0.02
2372,687,6,395,1,33.42,0.0
2373,688,1,451,3,54.1,0.0
2374,688,2,4,3,34.14,0.0
2375,688,3,495,3,61.35,0.0
2376,688,4,58,4,172.31,0.0
2377,688,5,359,3,331.2,0.0
2378,688,6,264,3,113.9,0.0
2379,689,1,457,5,64.22,0.0
2380,690,1,334,5,36.5,0.0
2381,690,2,322,3,100.71,0.0
2382,690,3,297,4,266.86,0.0
2383,690,4,65,1,107.87,0.0
2384,690,5,13,4,13.35,0.0
2385,690,6,389,3,88.68,0.0
2386,691,1,152,1,20.46,0.08
2387,692,1,367,3,104.45,0.0
2388,692,2,161,1,39.0,0.0
2389,692,3,44,1,99.86,0.17
2390,693,1,187,5,23.5,0.0
2391,693,2,222,2,43.61,0.0
2392,693,3,60,3,106.94,0.02
2393,693,4,147,3,73.9,0.0
2394,693,5,472,3,23.02,0.0
2395,693,6,214,1,110.22,0.0
2396,694,1,436,2,14.78,0.0
2397,694,2,279,4,14.91,0.0
2398,694,3,63,1,21.23,0.0
2399,694,4,231,3,239.19,0.0
2400,694,5,457,1,64.22,0.0
2401,695,1,348,1,64.85,0.0
2402,695,2,169,5,117.85,0.0
2403,695,3,18,3,59.37,0.0
2404,695,4,81,2,41.95,0.0
2405,696,1,353,5,146.41,0.0
2406,696,2,239,1,30.05,0.0
2407,696,3,40,2,26.83,0.0
2408,696,4,66,3,91.81,0.0
2409,696,5,478,5,58.06,0.0
2410,696,6,34,3,20.63,0.09
2411,697,1,201,3,53.27,0.0
2412,697,2,407,3,65.12,0.04
2413,698,1,36,2,87.24,0.04
2414,699,1,319,1,143.93,0.0
2415,699,2,176,4,65.96,0.12
2416,699,3,13,2,13.35,0.0
2417,699,4,179,4,24.8,0.0
2418,699,5,429,4,53.52,0.0
2419,699,6,440,4,33.7,0.0
2420,700,1,56,4,17.74,0.0
2421,700,2,173,4,15.96,0.08
2422,700,3,115,3,80.55,0.0
2423,700,4,194,1,264.69,0.0
2424,700,5,57,5,50.58,0.01
2425,701,1,310,3,14.68,0.0
2426,702,1,22,1,36.42,0.0
2427,703,1,297,3,266.86,0.0
2428,703,2,17,4,67.93,0.1
2429,703,3,253,5,36.04,0.0
2430,703,4,276,1,21.16,0.09
2431,704,1,485,4,18.29,0.0
2432,704,2,314,2,54.83,0.0
2433,704,3,237,2,51.7,0.0
2434,704,4,450,1,230.28,0.0
2435,705,1,54,1,36.42,0.0
2436,705,2,372,1,40.37,0.0
2437,706,1,311,1,18.18,0.0
2438,706,2,477,3,22.23,0.17
2439,707,1,106,3,94.58,0.0
2440,707,2,422,2,10.16,0.0
2441,707,3,42,1,73.86,0.01
2442,707,4,51,3,32.96,0.12
2443,707,5,69,1,40.67,0.0
2444,708,1,464,3,72.21,0.0
2445,708,2,296,1,85.51,0.0
2446,709,1,126,1,27.95,0.0
2447,709,2,46,4,21.35,0.13
2448,709,3,90,4,29.52,0.07
2449,710,1,427,1,88.64,0.0
2450,710,2,296,3,85.51,0.02
2451,710,3,431,1,124.51,0.11
2452,710,4,310,5,14.68,0.0
2453,710,5,262,1,102.77,0.01
2454,710,6,203,1,56.16,0.0
2455,711,1,296,5,85.51,0.0
2456,711,2,26,5,85.87,0.08
2457,711,3,377,3,30.66,0.0
2458,711,4,481,5,18.61,0.07
2459,711,5,19,5,54.23,0.0
2460,711,6,100,3,25.45,0.0
2461,712,1,442,5,22.77,0.0
2462,712,2,104,1,151.89,0.0
2463,712,3,269,2,58.24,0.0
2464,712,4,488,2,70.11,0.01
2465,712,5,29,5,42.85,0.0
2466,712,6,355,3,69.77,0.0
2467,713,1,334,1,36.5,0.0
2468,713,2,80,5,145.26,0.0
2469,713,3,128,2,44.47,0.0
2470,714,1,159,2,45.86,0.0
2471,714,2,472,4,23.02,0.0
2472,714,3,407,3,65.12,0.0
2473,714,4,299,4,15.82,0.0
2474,714,5,276,5,21.16,0.0
2475,714,6,452,2,69.42,0.0
2476,715,1,68,1,317.92,0.0
2477,715,2,156,5,68.36,0.08
2478,716,1,455,3,56.89,0.0
2479,716,2,13,4,13.35,0.0
2480,717,1,229,2,181.56,0.0
2481,717,2,72,2,53.58,0.0
2482,718,1,137,2,47.29,0.05
2483,718,2,294,1,43.86,0.04
2484,718,3,375,3,13.84,0.0
2485,718,4,436,5,14.78,0.0
2486,719,1,462,3,6.84,0.0
2487,719,2,294,4,43.86,0.0
2488,720,1,493,3,111.26,0.11
2489,720,2,142,3,27.81,0.04
2490,720,3,207,2,49.04,0.0
2491,720,4,121,1,16.12,0.0
2492,720,5,212,4,167.42,0.0
2493,720,6,73,4,105.96,0.0
2494,721,1,103,3,12.15,0.0
2495,721,2,109,3,14.03,0.0
2496,722,1,251,3,11.29,0.0
2497,722,2,36,3,87.24,0.0
2498,723,1,85,1,45.17,0.0
2499,723,2,426,5,57.88,0.0
2500,723,3,310,3,14.68,0.0
2501,723,4,113,3,27.18,0.0
2502,723,5,460,1,61.66,0.0
2503,724,1,311,5,18.18,0.0
2504,724,2,102,3,12.42,0.0
2505,724,3,48,4,170.13,0.0
2506,725,1,107,4,217.51,0.0
2507,725,2,417,2,32.27,0.01
2508,726,1,4,5,34.14,0.0
2509,726,2,473,1,38.46,0.0
2510,727,1,399,3,107.66,0.0
2511,727,2,431,4,124.51,0.0
2512,727,3,26,4,85.87,0.0
2513,727,4,430,1,188.34,0.0
2514,727,5,161,1,39.0,0.0
2515,728,1,393,4,25.47,0.0
2516,728,2,253,4,36.04,0.0
2517,728,3,438,3,61.8,0.0
2518,729,1,300,4,52.72,0.0
2519,729,2,320,4,52.79,0.0
2520,730,1,271,3,60.19,0.06
2521,730,2,22,5,36.42,0.0
2522,730,3,389,4,88.68,0.0
2523,730,4,476,4,65.14,0.0
2524,731,1,366,5,62.98,0.0
2525,731,2,120,2,36.3,0.0
2526,731,3,65,3,107.87,0.0
2527,732,1,169,2,117.85,0.0
2528,732,2,305,1,31.34,0.0
2529,733,1,452,5,69.42,0.0
2530,733,2,333,1,93.1,0.0
2531,733,3,149,1,20.49,0.0
2532,733,4,303,1,23.8,0.0
2533,734,1,88,3,137.64,0.0
2534,734,2,123,1,188.61,0.0
2535,734,3,40,5,26.83,0.0
2536,734,4,443,3,36.4,0.07
2537,734,5,271,2,60.19,0.13
2538,735,1,241,5,29.89,0.1
2539,735,2,90,1,29.52,0.0
2540,735,3,108,4,22.33,0.05
2541,735,4,125,1,46.78,0.0
2542,735,5,359,4,331.2,0.0
2543,735,6,300,1,52.72,0.0
2544,736,1,378,4,110.01,0.0
2545,736,2,264,3,113.9,0.0
2546,737,1,359,2,331.2,0.0
2547,738,1,50,1,23.65,0.12
2548,738,2,193,3,94.8,0.0
2549,738,3,328,4,49.12,0.0
2550,739,1,434,3,9.78,0.0
2551,739,2,225,5,59.79,0.0
2552,739,3,105,3,74.12,0.0
2553,739,4,289,4,111.08,0.0
2554,740,1,132,5,60.78,0.15
2555,740,2,406,1,100.37,0.16
2556,740,3,16,1,33.37,0.0
2557,740,4,63,3,21.23,0.0
2558,740,5,271,3,60.19,0.0
2559,741,1,87,2,32.84,0.0
2560,741,2,172,2,26.56,0.0
2561,741,3,408,1,29.56,0.07
2562,741,4,455,3,56.89,0.0
2563,741,5,328,1,49.12,0.04
2564,741,6,226,2,129.15,0.0
2565,742,1,420,1,132.97,0.0
2566,742,2,335,1,83.67,0.0
2567,742,3,300,1,52.72,0.0
2568,742,4,273,5,27.98,0.03
2569,743,1,183,1,27.5,0.0
2570,743,2,492,1,54.27,0.0
2571,743,3,2,2,53.87,0.0
2572,743,4,369,4,41.26,0.0
2573,743,5,155,1,286.46,0.0
2574,744,1,294,2,43.86,0.0
2575,744,2,478,1,58.06,0.0
2576,744,3,118,1,18.3,0.11
2577,744,4,29,5,42.85,0.0
2578,744,5,308,4,60.76,0.0
2579,745,1,493,2,111.26,0.0
2580,745,2,243,5,61.98,0.11
2581,745,3,171,2,31.72,0.0
2582,745,4,72,4,53.58,0.0
2583,745,5,337,1,47.7,0.0
2584,745,6,64,1,7.68,0.1
2585,746,1,194,4,264.69,0.0
2586,746,2,209,5,78.66,0.0
2587,746,3,223,1,80.73,0.0
2588,746,4,119,5,68.35,0.0
2589,746,5,423,4,52.98,0.14
2590,747,1,103,3,12.15,0.0
2591,747,2,77,2,20.13,0.02
2592,747,3,438,3,61.8,0.0
2593,747,4,115,4,80.55,0.0
2594,748,1,465,1,138.17,0.0
2595,748,2,25,5,39.33,0.0
2596,748,3,256,5,25.28,0.0
2597,748,4,461,1,90.7,0.0
2598,749,1,417,4,32.27,0.0
2599,749,2,76,4,16.68,0.04
2600,749,3,362,4,50.78,0.0
2601,749,4,231,4,239.19,0.0
2602,749,5,269,3,58.24,0.0
2603,750,1,262,4,102.77,0.0
2604,750,2,20,4,95.34,0.16
2605,750,3,467,3,23.31,0.0
2606,750,4,310,2,14.68,0.0
2607,751,1,238,2,110.0,0.0
2608,751,2,357,4,73.03,0.0
2609,751,3,390,1,45.46,0.0
2610,751,4,463,3,14.17,0.0
2611,751,5,76,4,16.68,0.0
2612,751,6,365,1,16.31,0.08
2613,752,1,124,3,8.31,0.0
2614,752,2,6,4,91.02,0.05
2615,752,3,205,5,137.49,0.14
2616,753,1,6,1,91.02,0.0
2617,753,2,49,3,108.14,0.0
2618,753,3,67,5,63.6,0.0
2619,753,4,62,4,140.22,0.03
2620,754,1,313,2,93.52,0.0
2621,754,2,118,5,18.3,0.0
2622,754,3,343,5,135.87,0.0
2623,754,4,253,1,36.04,0.0
2624,754,5,138,4,87.01,0.0
2625,754,6,275,4,33.01,0.0
2626,755,1,181,3,21.67,0.0
2627,756,1,112,2,47.83,0.08
2628,756,2,150,1,29.24,0.08
2629,756,3,453,3,36.16,0.0
2630,757,1,397,4,125.81,0.07
2631,757,2,409,1,31.1,0.0
2632,757,3,449,1,105.49,0.0
2633,757,4,495,3,61.35,0.0
2634,758,1,22,5,36.42,0.0
2635,758,2,337,3,47.7,0.0
2636,758,3,427,2,88.64,0.05
2637,758,4,184,5,41.66,0.0
2638,758,5,157,5,116.76,0.0
2639,759,1,128,2,44.47,0.0
2640,759,2,188,3,76.43,0.0
2641,759,3,76,2,16.68,0.0
2642,760,1,315,5,168.52,0.0
2643,760,2,210,1,26.82,0.09
2644,760,3,125,1,46.78,0.0
2645,761,1,93,4,34.38,0.0
2646,761,2,469,2,113.19,0.0
2647,761,3,230,5,34.12,0.0
2648,761,4,86,3,15.12,0.03
2649,761,5,49,5,108.14,0.0
2650,761,6,323,2,198.69,0.0
2651,762,1,84,4,42.8,0.0
2652,762,2,330,1,47.92,0.0
2653,762,3,226,3,129.15,0.0
2654,762,4,200,3,57.83,0.0
2655,763,1,409,4,31.1,0.0
2656,764,1,379,1,106.76,0.0
2657,764,2,299,4,15.82,0.0
2658,764,3,84,4,42.8,0.16
2659,764,4,255,5,92.82,0.0
2660,764,5,18,3,59.37,0.0
2661,765,1,86,2,15.12,0.03
2662,765,2,478,2,58.06,0.02
2663,765,3,15,1,205.4,0.0
2664,766,1,212,3,167.42,0.0
2665,766,2,410,5,18.25,0.0
2666,767,1,239,1,30.05,0.0
2667,767,2,109,3,14.03,0.0
2668,768,1,364,3,9.17,0.0
2669,768,2,371,1,127.88,0.13
2670,768,3,83,3,86.34,0.0
2671,768,4,26,5,85.87,0.0
2672,768,5,63,3,21.23,0.0
2673,769,1,38,4,73.49,0.0
2674,769,2,438,3,61.8,0.0
2675,769,3,181,4,21.67,0.0
2676,770,1,308,1,60.76,0.1
2677,770,2,289,2,111.08,0.0
2678,770,3,110,5,8.69,0.07
2679,770,4,285,4,36.57,0.0
2680,771,1,37,4,68.39,0.0
2681,771,2,398,3,47.78,0.0
2682,771,3,89,5,90.12,0.0
2683,771,4,255,3,92.82,0.0
2684,772,1,185,2,144.2,0.14
2685,772,2,211,3,11.21,0.16
2686,773,1,423,4,52.98,0.0
2687,773,2,258,5,12.89,0.0
2688,773,3,500,5,7.49,0.0
2689,773,4,413,5,8.38,0.0
2690,773,5,398,5,47.78,0.0
2691,774,1,257,5,93.22,0.0
2692,774,2,191,2,11.22,0.0
2693,775,1,237,3,51.7,0.07
2694,776,1,417,2,32.27,0.0
2695,777,1,370,2,95.16,0.0
2696,777,2,214,5,110.22,0.0
2697,777,3,134,3,60.42,0.0
2698,777,4,336,3,71.57,0.0
2699,777,5,342,1,28.9,0.0
2700,778,1,59,5,14.4,0.0
2701,778,2,314,5,54.83,0.0
2702,779,1,297,5,266.86,0.06
2703,779,2,6,2,91.02,0.0
2704,779,3,29,5,42.85,0.0
2705,779,4,16,3,33.37,0.0
2706,779,5,324,5,42.21,0.07
2707,780,1,402,1,45.35,0.0
2708,780,2,83,3,86.34,0.09
2709,780,3,111,1,29.63,0.06
2710,780,4,289,3,111.08,0.0
2711,780,5,247,3,31.12,0.0
2712,781,1,349,5,29.28,0.0
2713,781,2,199,1,102.28,0.0
2714,781,3,475,5,51.75,0.0
2715,782,1,98,5,87.66,0.06
2716,782,2,352,3,118.36,0.0
2717,782,3,229,4,181.56,0.08
2718,782,4,182,3,67.77,0.0
2719,783,1,64,4,7.68,0.06
2720,783,2,109,3,14.03,0.0
2721,783,3,222,1,43.61,0.02
2722,783,4,326,5,116.29,0.0
2723,783,5,127,5,82.54,0.0
2724,783,6,232,3,73.47,0.0
2725,784,1,7,2,77.92,0.0
2726,784,2,85,1,45.17,0.0
2727,784,3,126,1,27.95,0.0
2728,784,4,329,5,211.37,0.0
2729,785,1,266,4,70.47,0.0
2730,785,2,255,2,92.82,0.04
2731,785,3,88,2,137.64,0.0
2732,785,4,124,1,8.31,0.09
2733,786,1,191,3,11.22,0.0
2734,786,2,497,3,51.57,0.0
2735,786,3,492,4,54.27,0.0
2736,786,4,56,1,17.74,0.0
2737,787,1,435,1,48.21,0.09
2738,787,2,494,1,454.64,0.0
2739,787,3,84,3,42.8,0.0
2740,787,4,320,5,52.79,0.06
2741,788,1,293,1,87.54,0.0
2742,788,2,316,2,14.83,0.0
2743,788,3,439,2,56.28,0.0
2744,789,1,127,3,82.54,0.0
2745,789,2,282,5,142.57,0.14
2746,789,3,112,2,47.83,0.0
2747,789,4,491,4,222.51,0.0
2748,789,5,302,5,42.98,0.02
2749,789,6,483,4,30.82,0.0
2750,790,1,43,1,18.64,0.0
2751,790,2,391,3,102.63,0.0
2752,790,3,37,3,68.39,0.0
2753,790,4,316,5,14.83,0.0
2754,791,1,193,5,94.8,0.0
2755,791,2,326,2,116.29,0.0
2756,792,1,25,1,39.33,0.0
2757,792,2,302,5,42.98,0.0
2758,793,1,167,5,19.46,0.0
2759,794,1,458,3,54.93,0.0
2760,794,2,140,3,303.99,0.0
2761,794,3,348,3,64.85,0.0
2762,794,4,62,1,140.22,0.0
2763,794,5,105,3,74.12,0.0
2764,795,1,62,3,140.22,0.0
2765,795,2,200,4,57.83,0.0
2766,796,1,187,1,23.5,0.0
2767,796,2,490,1,159.75,0.02
2768,796,3,224,3,108.88,0.0
2769,796,4,386,1,27.91,0.08
2770,797,1,469,3,113.19,0.0
2771,797,2,473,2,38.46,0.0
2772,797,3,211,2,11.21,0.0
2773,797,4,363,2,15.15,0.0
2774,797,5,289,4,111.08,0.0
2775,798,1,496,5,72.67,0.01
2776,798,2,420,3,132.97,0.0
2777,798,3,348,1,64.85,0.12
2778,799,1,367,2,104.45,0.0
2779,799,2,316,4,14.83,0.2
2780,799,3,202,5,76.0,0.0
2781,799,4,446,1,93.17,0.0
2782,800,1,212,2,167.42,0.0
2783,800,2,119,1,68.35,0.0
2784,800,3,249,2,34.22,0.0
2785,800,4,332,5,76.75,0.0
2786,800,5,152,1,20.46,0.08
2787,801,1,91,1,43.75,0.0
2788,801,2,396,2,40.74,0.08
2789,801,3,315,2,168.52,0.0
2790,801,4,78,5,34.43,0.0
2791,801,5,330,4,47.92,0.0
2792,801,6,261,1,273.36,0.04
2793,802,1,372,4,40.37,0.0
2794,802,2,424,3,53.65,0.0
2795,802,3,30,5,27.7,0.0
2796,802,4,340,1,71.55,0.11
2797,803,1,236,4,21.9,0.0
2798,804,1,364,3,9.17,0.12
2799,804,2,117,3,40.6,0.0
2800,805,1,9,5,187.28,0.0
2801,805,2,174,2,50.86,0.02
2802,805,3,224,5,108.88,0.01
2803,805,4,440,1,33.7,0.0
2804,806,1,277,2,38.41,0.0
2805,806,2,344,4,44.52,0.0
2806,806,3,176,2,65.96,0.0
2807,806,4,55,1,18.49,0.0
2808,806,5,383,4,171.49,0.09
2809,806,6,436,3,14.78,0.1
2810,807,1,386,1,27.91,0.0
2811,807,2,83,1,86.34,0.0
2812,807,3,378,5,110.01,0.06
2813,807,4,182,5,67.77,0.0
2814,807,5,116,3,18.18,0.0
2815,808,1,476,1,65.14,0.0
2816,808,2,227,3,66.5,0.07
2817,808,3,46,3,21.35,0.0
2818,808,4,119,3,68.35,0.0
2819,808,5,237,5,51.7,0.0
2820,809,1,292,4,5.13,0.0
2821,809,2,463,1,14.17,0.15
2822,809,3,53,3,10.49,0.0
2823,810,1,212,4,167.42,0.0
2824,810,2,320,4,52.79,0.0
2825,810,3,111,3,29.63,0.0
2826,810,4,437,2,28.88,0.06
2827,810,5,86,3,15.12,0.0
2828,810,6,359,4,331.2,0.13
2829,811,1,253,1,36.04,0.0
2830,811,2,428,4,35.28,0.0
2831,811,3,140,3,303.99,0.0
2832,811,4,154,5,70.97,0.0
2833,811,5,260,5,16.06,0.0
2834,812,1,451,2,54.1,0.0
2835,812,2,275,2,33.01,0.04
2836,812,3,489,1,77.49,0.0
2837,812,4,447,5,12.43,0.0
2838,812,5,16,4,33.37,0.0
2839,813,1,279,1,14.91,0.0
2840,813,2,259,1,8.14,0.0
2841,814,1,45,4,50.9,0.0
2842,814,2,419,3,27.02,0.0
2843,814,3,354,5,23.78,0.0
2844,814,4,178,4,55.93,0.0
2845,814,5,112,4,47.83,0.12
2846,815,1,438,4,61.8,0.04
2847,815,2,71,5,9.68,0.13
2848,815,3,204,2,138.24,0.0
2849,815,4,297,2,266.86,0.0
2850,815,5,279,2,14.91,0.0
2851,815,6,98,3,87.66,0.0
2852,816,1,49,3,108.14,0.0
2853,816,2,211,4,11.21,0.0
2854,816,3,236,1,21.9,0.0
2855,817,1,479,5,24.61,0.05
2856,817,2,98,5,87.66,0.0
2857,818,1,432,5,60.85,0.0
2858,818,2,415,3,57.8,0.0
2859,818,3,349,2,29.28,0.0
2860,818,4,483,2,30.82,0.0
2861,818,5,211,5,11.21,0.0
2862,819,1,253,5,36.04,0.0
2863,819,2,495,5,61.35,0.19
2864,819,3,348,4,64.85,0.0
2865,819,4,105,3,74.12,0.07
2866,819,5,78,1,34.43,0.09
2867,820,1,266,4,70.47,0.0
2868,820,2,396,2,40.74,0.03
2869,820,3,151,4,28.17,0.0
2870,820,4,428,3,35.28,0.0
2871,820,5,20,4,95.34,0.0
2872,821,1,160,3,45.15,0.0
2873,821,2,384,2,43.43,0.0
2874,822,1,428,1,35.28,0.0
2875,822,2,96,5,50.51,0.0
2876,822,3,106,1,94.58,0.0
2877,822,4,374,2,54.22,0.0
2878,822,5,28,1,115.06,0.0
2879,822,6,64,5,7.68,0.04
2880,823,1,303,1,23.8,0.06
2881,823,2,130,3,12.4,0.0
2882,823,3,169,3,117.85,0.0
2883,824,1,271,2,60.19,0.0
2884,825,1,232,2,73.47,0.0
2885,825,2,252,1,21.31,0.0
2886,826,1,40,2,26.83,0.0
2887,827,1,418,1,37.0,0.0
2888,827,2,229,1,181.56,0.0
2889,827,3,101,2,7.91,0.0
2890,828,1,303,2,23.8,0.0
2891,828,2,152,3,20.46,0.0
2892,828,3,376,4,11.95,0.09
2893,828,4,334,4,36.5,0.0
2894,828,5,14,2,146.21,0.0
2895,828,6,268,3,91.57,0.06
2896,829,1,179,1,24.8,0.0
2897,829,2,240,1,9.92,0.0
2898,829,3,431,4,124.51,0.07
2899,829,4,492,5,54.27,0.0
2900,830,1,463,4,14.17,0.0
2901,830,2,381,4,38.7,0.0
2902,830,3,125,3,46.78,0.0
2903,831,1,70,1,16.86,0.0
2904,831,2,277,4,38.41,0.02
2905,832,1,44,1,99.86,0.0
2906,832,2,295,2,71.78,0.0
2907,832,3,408,2,29.56,0.0
2908,832,4,123,5,188.61,0.0
2909,833,1,35,5,304.9,0.07
2910,834,1,56,5,17.74,0.0
2911,835,1,132,4,60.78,0.0
2912,836,1,180,3,19.83,0.0
2913,836,2,204,5,138.24,0.0
2914,836,3,237,1,51.7,0.0
2915,836,4,105,5,74.12,0.0
2916,836,5,203,1,56.16,0.0
2917,836,6,25,4,39.33,0.0
2918,837,1,216,2,43.11,0.0
2919,837,2,288,1,16.45,0.0
2920,837,3,74,5,26.98,0.0
2921,837,4,204,4,138.24,0.14
2922,837,5,59,4,14.4,0.0
2923,837,6,366,1,62.98,0.0
2924,838,1,285,5,36.57,0.0
2925,838,2,35,4,304.9,0.02
2926,839,1,229,2,181.56,0.0
2927,839,2,313,5,93.52,0.0
2928,839,3,389,5,88.68,0.0
2929,840,1,232,3,73.47,0.04
2930,841,1,55,1,18.49,0.0
2931,842,1,420,4,132.97,0.04
2932,842,2,72,3,53.58,0.0
2933,842,3,90,4,29.52,0.0
2934,842,4,370,4,95.16,0.03
2935,842,5,443,5,36.4,0.0
2936,843,1,147,4,73.9,0.0
2937,844,1,387,2,114.26,0.09
2938,845,1,192,2,36.1,0.0
2939,845,2,264,4,113.9,0.0
2940,845,3,250,2,14.89,0.0
2941,845,4,349,4,29.28,0.0
2942,846,1,489,1,77.49,0.03
2943,846,2,357,4,73.03,0.0
2944,846,3,279,1,14.91,0.0
2945,846,4,227,4,66.5,0.0
2946,846,5,388,2,35.04,0.0
2947,846,6,243,5,61.98,0.0
2948,847,1,196,3,39.65,0.0
2949,847,2,381,2,38.7,0.0
2950,847,3,428,2,35.28,0.0
2951,847,4,431,1,124.51,0.05
2952,847,5,427,2,88.64,0.0
2953,848,1,316,3,14.83,0.0
2954,848,2,130,2,12.4,0.0
2955,848,3,18,4,59.37,0.08
2956,849,1,395,1,33.42,0.0
2957,850,1,27,4,166.45,0.0
2958,850,2,108,2,22.33,0.0
2959,850,3,494,2,454.64,0.0
2960,850,4,478,5,58.06,0.0
2961,851,1,180,2,19.83,0.02
2962,851,2,316,5,14.83,0.0
2963,852,1,451,4,54.1,0.03
2964,852,2,460,5,61.66,0.0
2965,852,3,421,3,30.44,0.0
2966,852,4,132,4,60.78,0.0
2967,852,5,364,1,9.17,0.0
2968,853,1,269,3,58.24,0.0
2969,853,2,207,2,49.04,0.1
2970,853,3,487,2,14.44,0.0
2971,854,1,12,5,73.23,0.0
2972,854,2,328,5,49.12,0.0
2973,854,3,450,2,230.28,0.0
2974,854,4,40,1,26.83,0.0
2975,855,1,24,1,17.72,0.02
2976,855,2,9,3,187.28,0.0
2977,855,3,364,4,9.17,0.0
2978,855,4,65,5,107.87,0.0
2979,855,5,47,1,83.24,0.0
2980,855,6,232,2,73.47,0.0
2981,856,1,317,5,18.63,0.0
2982,856,2,427,5,88.64,0.12
2983,856,3,486,2,137.22,0.0
2984,856,4,304,2,23.58,0.0
2985,856,5,97,1,33.09,0.0
2986,857,1,309,3,36.93,0.0
2987,857,2,237,3,51.7,0.0
2988,857,3,282,5,142.57,0.0
2989,857,4,209,3,78.66,0.0
2990,858,1,193,3,94.8,0.0
2991,858,2,307,1,88.99,0.0
2992,858,3,154,2,70.97,0.0
2993,858,4,1,4,193.34,0.0
2994,859,1,228,1,310.74,0.0
2995,859,2,334,2,36.5,0.0
2996,859,3,215,5,23.51,0.0
2997,859,4,135,4,104.91,0.0
2998,859,5,121,3,16.12,0.0
2999,860,1,433,5,37.24,0.08
3000,860,2,90,2,29.52,0.02
3001,860,3,184,5,41.66,0.0
3002,861,1,198,2,144.82,0.0
3003,861,2,382,3,59.82,0.0
3004,861,3,86,2,15.12,0.11
3005,861,4,8,4,100.6,0.0
3006,861,5,446,5,93.17,0.0
3007,861,6,299,2,15.82,0.0
3008,862,1,462,3,6.84,0.0
3009,862,2,445,2,121.47,0.08
3010,862,3,109,1,14.03,0.13
3011,862,4,154,2,70.97,0.0
3012,862,5,61,4,221.42,0.01
3013,862,6,85,2,45.17,0.02
3014,863,1,406,5,100.37,0.0
3015,863,2,150,4,29.24,0.06
3016,863,3,401,5,44.0,0.0
3017,863,4,14,5,146.21,0.0
3018,863,5,339,2,117.47,0.0
3019,864,1,416,2,64.84,0.0
3020,864,2,25,1,39.33,0.16
3021,864,3,68,1,317.92,0.0
3022,864,4,257,5,93.22,0.0
3023,865,1,419,5,27.02,0.0
3024,865,2,203,2,56.16,0.0
3025,865,3,158,3,123.2,0.07
3026,866,1,57,2,50.58,0.0
3027,866,2,378,1,110.01,0.0
3028,866,3,274,4,81.71,0.0
3029,867,1,269,1,58.24,0.1
3030,867,2,214,1,110.22,0.0
3031,867,3,175,1,169.31,0.0
3032,867,4,73,4,105.96,0.0
3033,867,5,407,4,65.12,0.0
3034,867,6,119,4,68.35,0.0
3035,868,1,370,3,95.16,0.12
3036,868,2,256,2,25.28,0.0
3037,868,3,108,2,22.33,0.0
3038,869,1,33,5,77.56,0.0
3039,869,2,159,3,45.86,0.0
3040,869,3,260,5,16.06,0.0
3041,869,4,413,5,8.38,0.0
3042,870,1,34,3,20.63,0.0
3043,870,2,202,4,76.0,0.14
3044,870,3,135,4,104.91,0.0
3045,870,4,140,2,303.99,0.0
3046,870,5,449,1,105.49,0.0
3047,870,6,166,4,55.8,0.0
3048,871,1,1,1,193.34,0.0
3049,871,2,102,4,12.42,0.0
3050,871,3,303,2,23.8,0.0
3051,871,4,226,2,129.15,0.1
3052,871,5,300,2,52.72,0.0
3053,872,1,190,4,46.49,0.0
3054,873,1,359,5,331.2,0.05
3055,873,2,74,1,26.98,0.12
3056,873,3,76,4,16.68,0.0
3057,873,4,449,1,105.49,0.0
3058,873,5,25,4,39.33,0.0
3059,873,6,227,4,66.5,0.0
3060,874,1,215,2,23.51,0.08
3061,874,2,184,4,41.66,0.0
3062,874,3,130,2,12.4,0.0
3063,874,4,123,3,188.61,0.0
3064,874,5,497,4,51.57,0.05
3065,875,1,36,4,87.24,0.0
3066,875,2,49,2,108.14,0.0
3067,875,3,349,5,29.28,0.0
3068,875,4,492,2,54.27,0.0
3069,876,1,396,2,40.74,0.14
3070,876,2,402,1,45.35,0.0
3071,876,3,265,3,31.2,0.04
3072,876,4,300,1,52.72,0.0
3073,876,5,415,2,57.8,0.0
3074,877,1,472,4,23.02,0.0
3075,877,2,190,2,46.49,0.0
3076,877,3,420,3,132.97,0.06
3077,877,4,411,2,253.35,0.0
3078,878,1,346,5,27.68,0.0
3079,878,2,44,3,99.86,0.0
3080,878,3,414,2,13.71,0.0
3081,878,4,332,4,76.75,0.0
3082,878,5,313,1,93.52,0.0
3083,878,6,116,5,18.18,0.0
3084,879,1,218,2,14.47,0.0
3085,880,1,314,3,54.83,0.0
3086,880,2,167,2,19.46,0.0
3087,881,1,463,3,14.17,0.09
3088,882,1,359,4,331.2,0.01
3089,882,2,262,4,102.77,0.0
3090,882,3,255,3,92.82,0.0
3091,883,1,175,4,169.31,0.0
3092,883,2,321,3,70.03,0.0
3093,883,3,188,4,76.43,0.02
3094,883,4,50,2,23.65,0.0
3095,883,5,40,3,26.83,0.07
3096,883,6,459,4,16.4,0.03
3097,884,1,170,5,21.13,0.0
3098,884,2,494,3,454.64,0.0
3099,884,3,159,2,45.86,0.0
3100,884,4,205,5,137.49,0.0
3101,885,1,136,2,41.72,0.1
3102,885,2,409,2,31.1,0.0
3103,885,3,118,5,18.3,0.0
3104,885,4,137,2,47.29,0.03
3105,885,5,440,3,33.7,0.0
3106,886,1,330,3,47.92,0.0
3107,886,2,391,4,102.63,0.0
3108,886,3,129,1,53.28,0.0
3109,886,4,265,1,31.2,0.0
3110,886,5,284,2,9.77,0.0
3111,886,6,138,1,87.01,0.0
3112,887,1,161,2,39.0,0.08
3113,887,2,37,2,68.39,0.0
3114,887,3,407,5,65.12,0.0
3115,887,4,390,5,45.46,0.0
3116,887,5,293,3,87.54,0.0
3117,887,6,77,1,20.13,0.02
3118,888,1,241,3,29.89,0.0
3119,888,2,58,1,172.31,0.0
3120,888,3,268,2,91.57,0.0
3121,888,4,444,3,80.39,0.0
3122,888,5,139,5,24.63,0.0
3123,889,1,226,5,129.15,0.0
3124,889,2,320,4,52.79,0.0
3125,889,3,116,1,18.18,0.03
3126,889,4,68,5,317.92,0.19
3127,889,5,169,2,117.85,0.1
3128,890,1,107,4,217.51,0.0
3129,890,2,356,1,211.34,0.0
3130,890,3,420,5,132.97,0.0
3131,890,4,5,1,74.91,0.0
3132,891,1,151,5,28.17,0.0
3133,892,1,94,1,276.63,0.0
3134,892,2,352,1,118.36,0.0
3135,892,3,390,5,45.46,0.0
3136,892,4,140,2,303.99,0.0
3137,892,5,475,1,51.75,0.05
3138,892,6,268,5,91.57,0.0
3139,893,1,481,1,18.61,0.12
3140,893,2,2,5,53.87,0.0
3141,893,3,156,1,68.36,0.0
3142,894,1,138,5,87.01,0.0
3143,894,2,400,5,25.59,0.0
3144,894,3,132,5,60.78,0.15
3145,894,4,176,2,65.96,0.0
3146,894,5,410,1,18.25,0.0
3147,894,6,275,5,33.01,0.06
3148,895,1,187,3,23.5,0.0
3149,895,2,254,3,7.02,0.0
3150,895,3,193,5,94.8,0.0
3151,896,1,280,2,99.57,0.08
3152,896,2,242,5,28.9,0.0
3153,896,3,241,1,29.89,0.0
3154,896,4,332,4,76.75,0.0
3155,896,5,177,5,17.69,0.0
3156,896,6,54,2,36.42,0.0
3157,897,1,115,2,80.55,0.0
3158,897,2,62,2,140.22,0.05
3159,897,3,301,2,49.25,0.19
3160,897,4,104,4,151.89,0.13
3161,898,1,462,2,6.84,0.03
3162,899,1,493,1,111.26,0.0
3163,899,2,259,1,8.14,0.0
3164,900,1,40,2,26.83,0.0
3165,901,1,139,2,24.63,0.17
3166,901,2,393,2,25.47,0.0
3167,901,3,424,4,53.65,0.11
3168,901,4,201,5,53.27,0.0
3169,901,5,241,3,29.89,0.0
3170,902,1,444,3,80.39,0.16
3171,902,2,242,3,28.9,0.0
3172,902,3,439,5,56.28,0.0
3173,902,4,223,5,80.73,0.0
3174,902,5,124,3,8.31,0.0
3175,902,6,162,1,8.44,0.0
3176,903,1,136,4,41.72,0.0
3177,903,2,406,1,100.37,0.0
3178,903,3,436,5,14.78,0.0
3179,904,1,401,1,44.0,0.0
3180,904,2,273,4,27.98,0.0
3181,904,3,36,4,87.24,0.0
3182,904,4,108,2,22.33,0.13
3183,904,5,348,2,64.85,0.0
3184,905,1,15,2,205.4,0.0
3185,905,2,105,2,74.12,0.0
3186,905,3,40,1,26.83,0.0
3187,905,4,196,4,39.65,0.07
3188,905,5,259,1,8.14,0.0
3189,906,1,260,3,16.06,0.0
3190,906,2,305,2,31.34,0.0
3191,906,3,28,4,115.06,0.0
3192,907,1,335,1,83.67,0.03
3193,907,2,289,2,111.08,0.0
3194,907,3,259,2,8.14,0.0
3195,907,4,169,1,117.85,0.0
3196,907,5,148,2,25.75,0.01
3197,908,1,200,2,57.83,0.0
3198,908,2,230,1,34.12,0.0
3199,908,3,220,5,92.22,0.0
3200,908,4,39,3,156.55,0.09
3201,908,5,246,1,138.46,0.0
3202,909,1,206,1,113.64,0.15
3203,909,2,56,2,17.74,0.17
3204,909,3,84,1,42.8,0.0
3205,910,1,136,3,41.72,0.0
3206,910,2,49,1,108.14,0.0
3207,910,3,471,5,33.12,0.0
3208,910,4,173,2,15.96,0.0
3209,910,5,304,3,23.58,0.01
3210,910,6,269,4,58.24,0.0
3211,911,1,193,4,94.8,0.0
3212,912,1,412,2,337.58,0.12
3213,912,2,397,2,125.81,0.0
3214,912,3,218,5,14.47,0.0
3215,912,4,284,1,9.77,0.0
3216,912,5,454,3,43.21,0.0
3217,913,1,351,3,27.88,0.0
3218,913,2,3,2,49.96,0.18
3219,913,3,360,4,17.39,0.0
3220,914,1,431,1,124.51,0.0
3221,915,1,426,1,57.88,0.0
3222,915,2,444,3,80.39,0.0
3223,915,3,357,5,73.03,0.0
3224,915,4,189,5,22.0,0.0
3225,915,5,492,3,54.27,0.0
3226,915,6,268,4,91.57,0.0
3227,916,1,192,5,36.1,0.02
3228,916,2,428,1,35.28,0.0
3229,916,3,442,2,22.77,0.0
3230,916,4,91,2,43.75,0.0
3231,916,5,474,4,87.11,0.0
3232,916,6,209,1,78.66,0.0
3233,917,1,365,1,16.31,0.0
3234,918,1,261,2,273.36,0.11
3235,918,2,174,2,50.86,0.0
3236,918,3,190,2,46.49,0.0
3237,918,4,5,3,74.91,0.0
3238,918,5,357,4,73.03,0.0
3239,919,1,9,1,187.28,0.06
3240,919,2,230,1,34.12,0.0
3241,919,3,66,4,91.81,0.0
3242,919,4,263,3,22.4,0.0
3243,920,1,91,3,43.75,0.15
3244,920,2,148,4,25.75,0.0
3245,920,3,283,1,95.86,0.04
3246,920,4,28,1,115.06,0.07
3247,920,5,263,2,22.4,0.0
3248,920,6,181,5,21.67,0.0
3249,921,1,127,4,82.54,0.0
3250,922,1,54,1,36.42,0.0
3251,922,2,318,1,67.24,0.0
3252,922,3,108,3,22.33,0.0
3253,922,4,414,4,13.71,0.1
3254,922,5,191,5,11.22,0.0
3255,923,1,262,5,102.77,0.0
3256,923,2,453,1,36.16,0.07
3257,924,1,164,4,153.65,0.0
3258,924,2,491,1,222.51,0.0
3259,924,3,19,5,54.23,0.0
3260,925,1,3,5,49.96,0.0
3261,925,2,10,5,15.86,0.0
3262,925,3,362,3,50.78,0.0
3263,925,4,321,4,70.03,0.0
3264,925,5,199,2,102.28,0.01
3265,925,6,106,5,94.58,0.0
3266,926,1,37,3,68.39,0.0
3267,926,2,278,3,42.94,0.09
3268,926,3,158,5,123.2,0.0
3269,926,4,266,1,70.47,0.06
3270,926,5,344,3,44.52,0.0
3271,927,1,32,3,231.72,0.0
3272,927,2,28,5,115.06,0.0
3273,927,3,420,1,132.97,0.0
3274,928,1,21,2,46.35,0.0
3275,928,2,161,5,39.0,0.0
3276,928,3,235,5,64.12,0.0
3277,928,4,374,2,54.22,0.04
3278,929,1,49,1,108.14,0.0
3279,929,2,280,4,99.57,0.0
3280,929,3,155,3,286.46,0.0
3281,929,4,394,1,82.7,0.11
3282,929,5,97,4,33.09,0.0
3283,929,6,102,2,12.42,0.0
3284,930,1,106,3,94.58,0.0
3285,930,2,103,5,12.15,0.0
3286,930,3,140,1,303.99,0.14
3287,930,4,400,2,25.59,0.0
3288,930,5,371,2,127.88,0.0
3289,931,1,359,2,331.2,0.0
3290,931,2,280,3,99.57,0.0
3291,931,3,407,3,65.12,0.0
3292,931,4,212,5,167.42,0.13
3293,932,1,357,5,73.03,0.0
3294,932,2,474,4,87.11,0.0
3295,932,3,73,2,105.96,0.0
3296,933,1,112,1,47.83,0.0
3297,934,1,255,4,92.82,0.0
3298,934,2,74,3,26.98,0.0
3299,934,3,261,4,273.36,0.0
3300,934,4,343,2,135.87,0.0
3301,934,5,163,3,89.3,0.11
3302,934,6,139,1,24.63,0.0
3303,935,1,183,3,27.5,0.0
3304,935,2,447,1,12.43,0.0
3305,935,3,90,4,29.52,0.05
3306,935,4,134,3,60.42,0.0
3307,935,5,39,3,156.55,0.0
3308,936,1,430,1,188.34,0.0
3309,937,1,139,4,24.63,0.0
3310,937,2,469,5,113.19,0.0
3311,937,3,201,4,53.27,0.0
3312,937,4,195,1,78.83,0.0
3313,937,5,213,1,39.79,0.0
3314,938,1,173,5,15.96,0.0
3315,938,2,336,4,71.57,0.0
3316,938,3,174,3,50.86,0.0
3317,939,1,171,1,31.72,0.0
3318,939,2,173,4,15.96,0.04
3319,939,3,147,5,73.9,0.0
3320,939,4,36,3,87.24,0.0
3321,939,5,142,3,27.81,0.0
3322,940,1,191,5,11.22,0.05
3323,940,2,393,3,25.47,0.0
3324,940,3,81,4,41.95,0.0
3325,940,4,156,2,68.36,0.09
3326,941,1,429,1,53.52,0.0
3327,941,2,401,1,44.0,0.01
3328,941,3,109,3,14.03,0.0
3329,942,1,279,5,14.91,0.0
3330,942,2,462,5,6.84,0.0
3331,942,3,170,1,21.13,0.0
3332,942,4,488,2,70.11,0.0
3333,943,1,347,2,124.0,0.0
3334,944,1,366,3,62.98,0.0
3335,944,2,382,2,59.82,0.0
3336,944,3,443,3,36.4,0.08
3337,944,4,484,2,86.1,0.0
3338,945,1,77,1,20.13,0.0
3339,945,2,205,3,137.49,0.0
3340,945,3,243,3,61.98,0.0
3341,945,4,39,4,156.55,0.0
3342,945,5,401,2,44.0,0.0
3343,946,1,1,4,193.34,0.0
3344,946,2,330,4,47.92,0.11
3345,946,3,306,5,135.95,0.0
3346,946,4,66,1,91.81,0.1
3347,946,5,191,3,11.22,0.04
3348,946,6,231,3,239.19,0.0
3349,947,1,145,2,25.74,0.04
3350,947,2,307,5,88.99,0.0
3351,947,3,56,2,17.74,0.0
3352,947,4,449,3,105.49,0.0
3353,947,5,423,4,52.98,0.0
3354,947,6,162,4,8.44,0.06
3355,948,1,475,2,51.75,0.0
3356,948,2,223,2,80.73,0.0
3357,948,3,16,5,33.37,0.0
3358,948,4,45,1,50.9,0.0
3359,948,5,168,3,24.31,0.0
3360,948,6,41,3,197.59,0.0
3361,949,1,73,5,105.96,0.0
3362,949,2,411,2,253.35,0.0
3363,949,3,402,1,45.35,0.0
3364,949,4,24,5,17.72,0.0
3365,950,1,303,4,23.8,0.0
3366,950,2,198,2,144.82,0.0
3367,950,3,253,4,36.04,0.05
3368,950,4,177,4,17.69,0.0
3369,950,5,162,1,8.44,0.0
3370,951,1,435,2,48.21,0.06
3371,952,1,176,4,65.96,0.0
3372,952,2,485,4,18.29,0.0
3373,952,3,251,3,11.29,0.05
3374,953,1,348,4,64.85,0.0
3375,953,2,232,2,73.47,0.0
3376,953,3,364,3,9.17,0.09
3377,953,4,469,2,113.19,0.15
3378,953,5,377,4,30.66,0.0
3379,954,1,246,4,138.46,0.06
3380,954,2,267,2,181.08,0.0
3381,954,3,247,5,31.12,0.0
3382,954,4,412,4,337.58,0.11
3383,955,1,188,4,76.43,0.0
3384,955,2,239,5,30.05,0.0
3385,955,3,57,5,50.58,0.0
3386,955,4,171,1,31.72,0.0
3387,956,1,6,2,91.02,0.0
3388,956,2,188,1,76.43,0.0
3389,956,3,334,1,36.5,0.0
3390,956,4,175,2,169.31,0.0
3391,957,1,327,1,121.16,0.0
3392,957,2,281,2,45.14,0.0
3393,957,3,409,2,31.1,0.05
3394,957,4,265,5,31.2,0.02
3395,957,5,3,5,49.96,0.0
3396,957,6,197,1,117.71,0.03
3397,958,1,7,2,77.92,0.0
3398,958,2,241,3,29.89,0.0
3399,958,3,322,3,100.71,0.09
3400,958,4,71,4,9.68,0.0
3401,958,5,482,5,17.11,0.17
3402,959,1,268,1,91.57,0.09
3403,960,1,292,5,5.13,0.11
3404,960,2,86,2,15.12,0.0
3405,960,3,397,3,125.81,0.0
3406,961,1,228,2,310.74,0.0
3407,961,2,476,4,65.14,0.0
3408,961,3,407,3,65.12,0.0
3409,961,4,182,4,67.77,0.0
3410,962,1,333,4,93.1,0.0
3411,962,2,401,3,44.0,0.1
3412,962,3,45,4,50.9,0.0
3413,962,4,331,4,173.84,0.11
3414,962,5,44,1,99.86,0.11
3415,962,6,184,3,41.66,0.0
3416,963,1,253,3,36.04,0.14
3417,963,2,13,1,13.35,0.0
3418,963,3,354,4,23.78,0.0
3419,963,4,117,3,40.6,0.01
3420,963,5,264,1,113.9,0.04
3421,963,6,76,1,16.68,0.0
3422,964,1,498,3,24.43,0.0
3423,964,2,25,1,39.33,0.0
3424,964,3,409,2,31.1,0.0
3425,964,4,450,3,230.28,0.01
3426,965,1,432,4,60.85,0.1
3427,965,2,429,5,53.52,0.0
3428,966,1,14,2,146.21,0.11
3429,966,2,296,4,85.51,0.0
3430,966,3,324,5,42.21,0.18
3431,967,1,224,4,108.88,0.1
3432,967,2,372,3,40.37,0.0
3433,967,3,321,1,70.03,0.01
3434,967,4,172,2,26.56,0.0
3435,968,1,124,5,8.31,0.0
3436,968,2,46,3,21.35,0.0
3437,968,3,278,2,42.94,0.0
3438,968,4,392,3,142.47,0.0
3439,968,5,425,2,38.99,0.0
3440,969,1,416,5,64.84,0.18
3441,969,2,457,1,64.22,0.0
3442,969,3,314,5,54.83,0.0
3443,969,4,108,3,22.33,0.01
3444,969,5,254,1,7.02,0.0
3445,970,1,286,1,49.88,0.03
3446,970,2,15,4,205.4,0.0
3447,970,3,443,4,36.4,0.0
3448,970,4,359,3,331.2,0.02
3449,971,1,301,3,49.25,0.0
3450,971,2,300,1,52.72,0.0
3451,971,3,137,3,47.29,0.05
3452,971,4,49,5,108.14,0.0
3453,971,5,241,2,29.89,0.0
3454,972,1,71,5,9.68,0.0
3455,972,2,325,1,31.28,0.0
3456,973,1,295,4,71.78,0.15
3457,973,2,33,2,77.56,0.0
3458,973,3,73,5,105.96,0.06
3459,973,4,149,4,20.49,0.0
3460,973,5,482,5,17.11,0.0
3461,973,6,492,4,54.27,0.07
3462,974,1,18,3,59.37,0.0
3463,974,2,10,5,15.86,0.05
3464,975,1,449,5,105.49,0.0
3465,975,2,179,2,24.8,0.0
3466,975,3,73,3,105.96,0.13
3467,976,1,483,1,30.82,0.0
3468,976,2,286,5,49.88,0.0
3469,976,3,462,4,6.84,0.0
3470,976,4,461,5,90.7,0.0
3471,977,1,70,1,16.86,0.12
3472,977,2,383,4,171.49,0.0
3473,977,3,298,3,67.16,0.0
3474,977,4,370,1,95.16,0.07
3475,977,5,139,2,24.63,0.0
3476,978,1,433,2,37.24,0.03
3477,978,2,199,5,102.28,0.0
3478,978,3,175,2,169.31,0.0
3479,978,4,446,2,93.17,0.04
3480,978,5,232,1,73.47,0.1
3481,978,6,414,5,13.71,0.0
3482,979,1,167,5,19.46,0.0
3483,979,2,446,3,93.17,0.0
3484,979,3,450,5,230.28,0.0
3485,979,4,208,2,21.37,0.0
3486,979,5,275,1,33.01,0.04
3487,980,1,106,2,94.58,0.05
3488,981,1,303,3,23.8,0.0
3489,981,2,193,4,94.8,0.0
3490,981,3,306,5,135.95,0.05
3491,981,4,41,1,197.59,0.0
3492,982,1,247,1,31.12,0.0
3493,982,2,41,4,197.59,0.01
3494,982,3,211,2,11.21,0.0
3495,983,1,450,3,230.28,0.0
3496,983,2,166,2,55.8,0.0
3497,983,3,199,3,102.28,0.06
3498,984,1,235,3,64.12,0.0
3499,984,2,426,4,57.88,0.0
3500,984,3,60,1,106.94,0.0
3501,984,4,198,2,144.82,0.0
3502,984,5,144,5,69.95,0.0
3503,984,6,377,3,30.66,0.0
3504,985,1,391,1,102.63,0.0
3505,985,2,242,4,28.9,0.0
3506,985,3,84,2,42.8,0.0
3507,985,4,352,3,118.36,0.18
3508,985,5,428,3,35.28,0.0
3509,986,1,267,4,181.08,0.0
3510,986,2,356,4,211.34,0.0
3511,986,3,437,3,28.88,0.0
3512,986,4,444,3,80.39,0.01
3513,986,5,336,2,71.57,0.0
3514,987,1,58,3,172.31,0.0
3515,987,2,264,5,113.9,0.0
3516,987,3,209,3,78.66,0.0
3517,987,4,65,4,107.87,0.05
3518,987,5,196,3,39.65,0.0
3519,987,6,418,3,37.0,0.0
3520,988,1,179,2,24.8,0.0
3521,989,1,190,3,46.49,0.0
3522,989,2,56,5,17.74,0.0
3523,989,3,8,2,100.6,0.0
3524,989,4,150,1,29.24,0.0
3525,989,5,24,2,17.72,0.0
3526,990,1,314,1,54.83,0.0
3527,990,2,193,1,94.8,0.08
3528,991,1,92,3,86.29,0.0
3529,991,2,434,5,9.78,0.0
3530,991,3,202,4,76.0,0.0
3531,992,1,440,1,33.7,0.0
3532,992,2,392,4,142.47,0.0
3533,992,3,82,2,50.74,0.19
3534,993,1,197,2,117.71,0.0
3535,993,2,62,3,140.22,0.0
3536,994,1,317,5,18.63,0.0
3537,994,2,324,1,42.21,0.0
3538,994,3,59,1,14.4,0.0
3539,995,1,4,4,34.14,0.0
3540,995,2,454,5,43.21,0.0
3541,995,3,236,5,21.9,0.15
3542,995,4,355,4,69.77,0.0
3543,996,1,127,2,82.54,0.0
3544,996,2,172,3,26.56,0.0
3545,996,3,129,5,53.28,0.04
3546,996,4,369,1,41.26,0.09
3547,996,5,383,2,171.49,0.0
3548,997,1,492,2,54.27,0.0
3549,997,2,27,1,166.45,0.0
3550,997,3,28,2,115.06,0.0
3551,997,4,359,1,331.2,0.0
3552,998,1,236,3,21.9,0.04
3553,998,2,387,5,114.26,0.0
3554,998,3,484,2,86.1,0.0
3555,998,4,395,2,33.42,0.15
3556,998,5,146,2,22.01,0.0
3557,998,6,489,2,77.49,0.0
3558,999,1,429,3,53.52,0.0
3559,1000,1,351,4,27.88,0.0
3560,1000,2,386,4,27.91,0.0
3561,1000,3,461,1,90.7,0.0
3562,1000,4,232,4,73.47,0.0
3563,1000,5,375,2,13.84,0.0
