order_id,customer_id,order_date,status,sales_rep_id,shipping_address_id,currency
1,74,2024-02-09 07:42:40+00:00,cancelled,36,155,USD
2,179,2024-03-22 10:38:19+00:00,confirmed,33,355,EUR
3,188,2023-06-30 20:32:51+00:00,confirmed,34,374,PLN
4,107,2023-04-13 07:40:13+00:00,confirmed,48,220,AUD
5,26,2022-10-07 22:21:28+00:00,fulfilled,5,58,MXN
6,15,2024-04-24 07:34:20+00:00,confirmed,80,32,UYU
7,21,2023-08-25 22:47:38+00:00,confirmed,53,46,PEN
8,140,2025-07-15 17:31:32+00:00,fulfilled,57,288,AED
9,67,2023-01-09 03:48:19+00:00,fulfilled,77,141,USD
10,173,2023-05-31 11:12:30+00:00,fulfilled,40,346,PLN
11,105,2022-11-03 06:40:06+00:00,fulfilled,27,216,USD
12,73,2023-11-01 03:28:58+00:00,pending,55,154,ZAR
13,76,2023-04-24 09:42:17+00:00,fulfilled,42,160,EUR
14,148,2024-03-28 03:39:56+00:00,pending,36,300,CNY
15,121,2023-04-05 18:51:13+00:00,fulfilled,61,248,EUR
16,34,2024-08-14 00:23:47+00:00,confirmed,60,72,GBP
17,153,2022-09-25 12:55:57+00:00,pending,29,308,CLP
18,116,2025-08-03 22:04:03+00:00,confirmed,41,240,EUR
19,91,2022-10-04 14:00:04+00:00,confirmed,52,188,JPY
20,99,2025-08-09 21:37:59+00:00,fulfilled,78,205,EUR
21,183,2025-07-03 08:49:19+00:00,fulfilled,42,364,JPY
22,112,2024-05-13 19:35:02+00:00,confirmed,21,231,INR
23,180,2025-02-01 01:53:53+00:00,confirmed,48,358,INR
24,211,2023-12-28 19:42:16+00:00,fulfilled,50,418,EUR
25,165,2023-09-13 08:21:14+00:00,confirmed,73,329,PLN
26,80,2022-09-28 14:23:06+00:00,fulfilled,11,167,USD
27,3,2025-01-02 21:43:28+00:00,confirmed,66,5,EUR
28,72,2025-06-27 04:55:07+00:00,confirmed,22,151,CAD
29,135,2024-03-19 22:32:13+00:00,pending,64,280,ZAR
30,159,2024-04-04 09:34:49+00:00,fulfilled,29,318,EUR
31,14,2024-12-25 04:04:46+00:00,confirmed,42,31,EUR
32,23,2024-11-18 14:32:30+00:00,confirmed,20,51,PYG
33,32,2025-01-16 02:53:27+00:00,fulfilled,28,67,EUR
34,114,2023-05-21 19:20:03+00:00,fulfilled,62,234,AUD
35,101,2025-04-29 19:45:03+00:00,confirmed,2,208,JPY
36,180,2023-07-23 07:25:53+00:00,fulfilled,43,358,INR
37,36,2023-02-07 20:20:59+00:00,confirmed,53,76,PEN
38,11,2022-09-11 18:20:22+00:00,confirmed,29,26,USD
39,183,2024-10-27 19:31:08+00:00,confirmed,16,365,JPY
40,23,2023-06-13 10:44:50+00:00,cancelled,11,49,PYG
41,157,2024-02-09 00:02:59+00:00,confirmed,65,316,EUR
42,35,2023-08-11 10:24:24+00:00,fulfilled,60,74,CLP
43,102,2024-07-11 11:10:04+00:00,confirmed,71,209,AED
44,208,2025-06-17 11:48:21+00:00,confirmed,62,409,BRL
45,49,2022-12-22 01:07:50+00:00,confirmed,11,102,USD
46,148,2023-09-29 23:44:40+00:00,pending,24,300,CNY
47,70,2023-07-13 15:42:06+00:00,confirmed,40,148,USD
48,10,2022-10-20 16:42:06+00:00,confirmed,80,24,PYG
49,103,2025-02-18 16:26:51+00:00,cancelled,11,212,USD
50,1,2023-07-04 10:37:53+00:00,confirmed,8,1,COP
51,196,2025-07-03 05:58:22+00:00,pending,54,387,EUR
52,97,2023-12-14 17:42:52+00:00,confirmed,33,201,BOB
53,99,2023-09-12 21:36:17+00:00,fulfilled,69,203,EUR
54,71,2023-03-19 11:12:18+00:00,confirmed,68,149,USD
55,10,2025-07-25 00:33:38+00:00,cancelled,78,24,PYG
56,57,2025-08-27 04:55:03+00:00,returned,4,119,NZD
57,19,2023-06-08 05:23:06+00:00,fulfilled,7,41,EUR
58,176,2023-01-22 12:22:06+00:00,confirmed,50,350,ZAR
59,115,2023-06-08 07:11:08+00:00,fulfilled,2,236,CLP
60,89,2023-06-26 09:42:35+00:00,confirmed,37,186,ARS
61,17,2025-03-26 08:47:51+00:00,fulfilled,17,39,CAD
62,98,2024-06-27 11:59:40+00:00,fulfilled,77,202,CNY
63,179,2023-02-08 14:58:59+00:00,confirmed,37,356,EUR
64,199,2024-03-03 02:06:36+00:00,cancelled,52,393,USD
65,174,2023-08-25 02:40:11+00:00,returned,8,348,CNY
66,106,2025-08-17 03:12:43+00:00,confirmed,63,219,BRL
67,115,2023-09-22 12:04:35+00:00,confirmed,12,236,CLP
68,184,2023-11-05 19:49:18+00:00,pending,67,367,CAD
69,134,2025-02-24 06:46:25+00:00,confirmed,50,278,AUD
70,63,2024-04-14 07:26:44+00:00,fulfilled,27,134,UYU
71,176,2025-04-27 11:08:51+00:00,confirmed,32,350,ZAR
72,58,2024-10-17 22:39:13+00:00,cancelled,17,120,USD
73,83,2024-04-15 23:32:38+00:00,confirmed,46,172,BRL
74,154,2023-05-16 02:12:09+00:00,confirmed,67,311,EUR
75,178,2024-06-12 04:57:33+00:00,confirmed,72,354,CNY
76,158,2023-07-13 04:19:49+00:00,fulfilled,39,317,EUR
77,50,2024-10-06 17:55:19+00:00,confirmed,15,104,EUR
78,187,2025-08-23 05:22:41+00:00,confirmed,61,373,PYG
79,199,2025-08-06 06:25:41+00:00,confirmed,8,393,USD
80,1,2024-06-03 22:21:01+00:00,confirmed,38,1,COP
81,177,2025-03-13 17:51:04+00:00,confirmed,70,351,BRL
82,210,2024-06-08 16:27:22+00:00,fulfilled,2,414,JPY
83,130,2023-11-25 15:22:56+00:00,confirmed,51,267,EUR
84,179,2024-03-20 01:07:06+00:00,confirmed,47,356,EUR
85,27,2023-05-05 10:46:59+00:00,fulfilled,45,60,EUR
86,80,2023-09-19 11:55:43+00:00,pending,60,166,USD
87,130,2023-10-03 03:53:34+00:00,confirmed,32,267,EUR
88,35,2025-03-13 11:31:53+00:00,confirmed,58,74,CLP
89,195,2023-06-09 23:45:30+00:00,confirmed,80,385,CLP
90,24,2024-07-04 23:40:35+00:00,fulfilled,52,54,GBP
91,113,2025-03-26 02:48:25+00:00,confirmed,48,232,ZAR
92,142,2024-10-30 07:49:08+00:00,confirmed,69,290,COP
93,106,2024-08-20 07:37:17+00:00,fulfilled,8,218,BRL
94,1,2025-01-14 22:09:14+00:00,confirmed,6,1,COP
95,117,2022-12-18 22:40:12+00:00,confirmed,64,241,CAD
96,38,2024-05-16 12:57:43+00:00,confirmed,40,79,EUR
97,112,2023-11-21 07:04:03+00:00,confirmed,56,231,INR
98,7,2024-08-28 09:41:37+00:00,pending,55,15,PLN
99,158,2025-01-21 13:35:00+00:00,fulfilled,27,317,EUR
100,86,2022-09-24 02:49:35+00:00,returned,24,178,CAD
101,124,2024-08-04 01:03:31+00:00,confirmed,70,255,AED
102,137,2023-12-26 20:43:02+00:00,returned,58,282,EUR
103,200,2024-08-18 19:29:06+00:00,fulfilled,57,395,EUR
104,71,2024-11-03 11:01:18+00:00,pending,60,149,USD
105,160,2024-04-15 13:41:33+00:00,confirmed,77,320,EUR
106,168,2025-02-21 07:00:07+00:00,fulfilled,45,336,USD
107,156,2023-10-16 04:05:55+00:00,confirmed,31,315,EUR
108,76,2024-02-18 23:05:25+00:00,confirmed,36,160,EUR
109,75,2025-03-06 03:59:24+00:00,fulfilled,33,159,GBP
110,115,2023-12-12 00:49:02+00:00,confirmed,78,235,CLP
111,125,2025-04-06 10:30:39+00:00,pending,4,256,EUR
112,44,2024-04-12 02:49:58+00:00,pending,54,93,PLN
113,173,2022-10-30 14:47:37+00:00,confirmed,64,346,PLN
114,200,2023-06-08 21:58:32+00:00,fulfilled,60,395,EUR
115,6,2023-09-05 06:04:06+00:00,confirmed,10,14,NZD
116,137,2024-04-13 06:48:14+00:00,fulfilled,17,282,EUR
117,34,2025-05-30 12:38:52+00:00,confirmed,8,72,GBP
118,38,2024-01-27 08:36:22+00:00,fulfilled,46,79,EUR
119,128,2023-12-25 08:55:49+00:00,fulfilled,65,264,INR
120,69,2022-10-16 12:14:01+00:00,pending,78,147,USD
121,86,2022-09-20 20:06:18+00:00,confirmed,64,179,CAD
122,128,2024-07-22 00:12:52+00:00,confirmed,12,263,INR
123,129,2024-01-06 22:06:08+00:00,fulfilled,53,265,EUR
124,46,2025-01-17 12:08:57+00:00,confirmed,32,97,GBP
125,77,2023-08-18 01:04:46+00:00,confirmed,70,161,EUR
126,89,2024-01-05 20:49:15+00:00,confirmed,3,186,ARS
127,94,2023-10-15 18:56:09+00:00,fulfilled,19,195,PLN
128,170,2023-01-03 22:51:59+00:00,fulfilled,40,339,PYG
129,152,2024-06-09 06:33:59+00:00,confirmed,67,307,EUR
130,61,2025-06-28 03:24:20+00:00,confirmed,29,129,CAD
131,96,2025-04-15 14:50:37+00:00,confirmed,58,200,AUD
132,38,2023-01-19 05:44:31+00:00,fulfilled,79,79,EUR
133,71,2023-07-25 11:31:20+00:00,confirmed,2,149,USD
134,105,2023-08-25 15:28:53+00:00,fulfilled,39,216,USD
135,33,2024-02-15 11:27:23+00:00,fulfilled,43,71,EUR
136,24,2025-07-22 05:59:20+00:00,fulfilled,47,53,GBP
137,121,2023-10-02 21:23:25+00:00,confirmed,54,247,EUR
138,202,2025-03-02 21:22:44+00:00,fulfilled,39,398,PEN
139,15,2024-02-07 02:17:14+00:00,confirmed,7,34,UYU
140,94,2022-10-30 05:52:00+00:00,confirmed,59,194,PLN
141,106,2023-08-14 11:40:54+00:00,confirmed,20,218,BRL
142,204,2023-05-08 11:52:13+00:00,fulfilled,58,401,EUR
143,65,2025-01-21 20:09:21+00:00,fulfilled,41,138,BOB
144,35,2023-07-19 20:59:42+00:00,fulfilled,51,74,CLP
145,104,2023-06-02 09:34:01+00:00,fulfilled,4,213,BOB
146,138,2024-10-08 17:34:30+00:00,fulfilled,1,283,EUR
147,88,2024-11-01 20:28:05+00:00,fulfilled,3,184,EUR
148,124,2023-03-25 18:16:27+00:00,fulfilled,47,253,AED
149,132,2023-03-31 10:42:25+00:00,confirmed,6,271,EUR
150,141,2025-07-06 14:36:38+00:00,confirmed,45,289,ZAR
151,55,2022-12-11 12:25:38+00:00,fulfilled,72,113,EUR
152,110,2022-12-15 07:27:27+00:00,fulfilled,61,227,EUR
153,72,2024-10-17 15:17:32+00:00,confirmed,6,151,CAD
154,137,2023-04-15 00:53:51+00:00,confirmed,34,282,EUR
155,137,2024-10-05 21:07:55+00:00,pending,33,282,EUR
156,184,2025-06-03 02:25:28+00:00,confirmed,66,366,CAD
157,173,2023-11-13 10:34:05+00:00,fulfilled,74,346,PLN
158,127,2023-09-25 07:02:42+00:00,fulfilled,12,260,BRL
159,42,2025-02-25 22:08:48+00:00,fulfilled,68,86,CLP
160,180,2024-04-30 06:46:25+00:00,returned,6,358,INR
161,27,2023-04-15 14:43:39+00:00,cancelled,13,60,EUR
162,86,2025-01-18 22:26:48+00:00,cancelled,45,178,CAD
163,8,2023-01-18 09:53:15+00:00,returned,26,19,ZAR
164,79,2022-10-12 06:08:19+00:00,confirmed,74,165,AED
165,142,2023-06-08 16:26:25+00:00,confirmed,46,290,COP
166,130,2023-09-24 15:29:47+00:00,confirmed,23,267,EUR
167,14,2024-07-20 17:22:42+00:00,confirmed,2,31,EUR
168,103,2023-06-03 23:21:31+00:00,fulfilled,65,212,USD
169,41,2023-01-10 17:46:59+00:00,fulfilled,49,83,CNY
170,64,2023-06-19 11:25:35+00:00,pending,33,135,EUR
171,139,2024-02-28 04:38:43+00:00,fulfilled,24,284,AUD
172,35,2022-10-05 06:18:19+00:00,confirmed,44,74,CLP
173,62,2022-09-29 03:45:11+00:00,fulfilled,34,130,BOB
174,187,2024-01-22 22:52:21+00:00,cancelled,36,373,PYG
175,91,2024-05-21 17:55:18+00:00,fulfilled,10,188,JPY
176,53,2023-06-04 03:56:49+00:00,confirmed,74,111,ARS
177,2,2023-10-29 17:47:49+00:00,fulfilled,67,2,EUR
178,55,2025-06-27 20:23:55+00:00,fulfilled,60,113,EUR
179,63,2023-09-15 15:09:22+00:00,confirmed,51,132,UYU
180,2,2022-11-28 17:42:52+00:00,fulfilled,65,2,EUR
181,185,2025-03-21 20:03:54+00:00,confirmed,37,370,PEN
182,34,2023-02-11 23:45:06+00:00,confirmed,38,72,GBP
183,114,2024-12-02 05:41:07+00:00,pending,28,234,AUD
184,163,2025-04-23 17:09:37+00:00,fulfilled,57,325,EUR
185,34,2023-08-09 04:40:34+00:00,confirmed,49,73,GBP
186,111,2025-06-27 09:19:40+00:00,confirmed,80,230,AUD
187,156,2023-06-11 23:01:19+00:00,confirmed,40,314,EUR
188,137,2024-08-24 01:12:18+00:00,cancelled,50,282,EUR
189,31,2024-10-01 02:01:12+00:00,cancelled,31,65,EUR
190,2,2025-05-11 19:30:35+00:00,confirmed,50,4,EUR
191,195,2024-11-10 13:08:44+00:00,confirmed,19,385,CLP
192,47,2025-06-23 00:37:09+00:00,confirmed,1,98,UYU
193,164,2025-04-12 08:23:13+00:00,fulfilled,50,327,UYU
194,111,2024-12-03 17:28:23+00:00,confirmed,42,229,AUD
195,64,2023-07-15 19:10:26+00:00,confirmed,29,135,EUR
196,114,2023-09-14 16:07:45+00:00,fulfilled,2,234,AUD
197,59,2023-10-19 08:42:10+00:00,fulfilled,44,122,ZAR
198,199,2024-11-15 17:44:04+00:00,pending,36,393,USD
199,61,2025-03-17 17:30:32+00:00,confirmed,47,129,CAD
200,195,2024-06-23 08:09:17+00:00,confirmed,19,385,CLP
201,36,2025-03-08 21:04:09+00:00,pending,2,76,PEN
202,142,2024-06-28 23:44:58+00:00,confirmed,29,290,COP
203,141,2024-11-11 09:22:53+00:00,cancelled,13,289,ZAR
204,149,2025-06-11 15:52:05+00:00,fulfilled,66,303,CLP
205,58,2023-11-20 05:26:12+00:00,fulfilled,21,120,USD
206,79,2023-10-05 12:12:30+00:00,fulfilled,29,165,AED
207,143,2024-02-14 08:36:53+00:00,fulfilled,45,291,PYG
208,147,2022-09-27 03:56:20+00:00,confirmed,41,299,ZAR
209,186,2025-06-11 14:09:15+00:00,cancelled,77,372,UYU
210,180,2023-04-03 20:38:40+00:00,pending,40,358,INR
211,209,2025-03-20 01:05:19+00:00,fulfilled,3,410,MXN
212,154,2025-03-22 23:16:36+00:00,cancelled,49,311,EUR
213,31,2023-04-23 02:43:25+00:00,fulfilled,1,65,EUR
214,78,2023-05-28 23:55:09+00:00,pending,7,164,AED
215,153,2024-01-17 00:12:49+00:00,confirmed,8,308,CLP
216,79,2024-04-24 03:05:53+00:00,fulfilled,45,165,AED
217,67,2024-06-29 06:40:48+00:00,fulfilled,42,141,USD
218,59,2025-02-06 22:30:48+00:00,fulfilled,58,121,ZAR
219,58,2024-02-15 02:21:26+00:00,pending,50,120,USD
220,81,2024-10-07 15:24:49+00:00,confirmed,74,168,EUR
221,9,2022-11-05 14:17:09+00:00,fulfilled,19,23,UYU
222,131,2023-04-12 06:51:06+00:00,confirmed,71,268,AED
223,198,2024-08-09 13:20:54+00:00,confirmed,28,392,CAD
224,65,2022-11-19 23:25:33+00:00,fulfilled,4,138,BOB
225,35,2025-07-30 05:19:23+00:00,confirmed,57,74,CLP
226,58,2024-11-22 13:12:27+00:00,fulfilled,28,120,USD
227,88,2024-02-06 08:53:33+00:00,confirmed,3,184,EUR
228,10,2023-05-07 09:21:32+00:00,confirmed,36,24,PYG
229,53,2024-04-19 20:48:05+00:00,pending,9,111,ARS
230,14,2023-11-29 05:46:14+00:00,confirmed,58,31,EUR
231,106,2024-10-17 10:05:52+00:00,fulfilled,26,218,BRL
232,184,2024-12-31 16:59:41+00:00,returned,33,366,CAD
233,59,2024-03-09 16:40:30+00:00,fulfilled,44,123,ZAR
234,161,2023-05-22 07:47:42+00:00,fulfilled,80,322,PYG
235,83,2023-11-25 18:42:01+00:00,confirmed,74,173,BRL
236,152,2022-12-23 04:19:17+00:00,returned,20,307,EUR
237,61,2023-06-20 08:56:50+00:00,fulfilled,28,129,CAD
238,205,2023-09-13 18:17:22+00:00,confirmed,26,404,AUD
239,166,2023-08-10 12:04:00+00:00,confirmed,10,330,AED
240,29,2025-02-01 21:30:24+00:00,confirmed,1,62,PEN
241,174,2024-04-05 16:47:03+00:00,fulfilled,5,347,CNY
242,147,2025-02-14 02:39:37+00:00,cancelled,3,299,ZAR
243,77,2024-08-03 08:19:26+00:00,confirmed,57,161,EUR
244,195,2023-01-13 15:21:30+00:00,cancelled,48,385,CLP
245,82,2024-12-01 04:39:16+00:00,cancelled,26,171,EUR
246,158,2024-06-16 17:30:01+00:00,pending,2,317,EUR
247,114,2024-11-26 00:52:50+00:00,pending,24,234,AUD
248,100,2023-06-30 16:05:24+00:00,cancelled,43,207,USD
249,118,2025-06-18 04:01:28+00:00,confirmed,22,243,EUR
250,81,2024-02-02 03:32:07+00:00,confirmed,35,169,EUR
251,8,2023-04-07 10:46:10+00:00,fulfilled,3,20,ZAR
252,46,2023-12-20 16:58:27+00:00,fulfilled,53,96,GBP
253,184,2024-04-09 13:00:34+00:00,confirmed,68,367,CAD
254,179,2023-08-12 03:03:34+00:00,confirmed,23,355,EUR
255,17,2023-12-22 20:11:45+00:00,fulfilled,7,39,CAD
256,155,2024-03-13 17:39:15+00:00,confirmed,56,313,COP
257,147,2024-10-27 10:35:14+00:00,fulfilled,18,299,ZAR
258,95,2023-11-26 01:24:43+00:00,pending,10,196,EUR
259,7,2025-07-01 19:52:37+00:00,confirmed,29,15,PLN
260,96,2023-03-25 22:11:28+00:00,confirmed,10,200,AUD
261,48,2022-11-05 22:18:19+00:00,returned,29,100,PYG
262,203,2022-12-24 04:43:55+00:00,fulfilled,16,399,EUR
263,185,2023-05-09 13:49:31+00:00,fulfilled,30,370,PEN
264,16,2024-10-28 15:16:45+00:00,confirmed,6,37,MXN
265,187,2024-08-05 17:48:40+00:00,confirmed,31,373,PYG
266,136,2023-09-22 09:06:26+00:00,confirmed,72,281,PYG
267,1,2023-11-02 21:06:41+00:00,fulfilled,56,1,COP
268,113,2024-05-23 02:06:05+00:00,confirmed,56,233,ZAR
269,196,2023-06-21 15:30:57+00:00,fulfilled,38,388,EUR
270,193,2024-04-20 02:09:47+00:00,confirmed,40,383,CNY
271,52,2025-05-02 13:57:29+00:00,pending,54,107,COP
272,192,2025-04-08 10:02:34+00:00,fulfilled,27,381,JPY
273,151,2023-11-02 06:46:57+00:00,confirmed,73,305,ARS
274,177,2025-08-07 05:02:05+00:00,confirmed,8,351,BRL
275,11,2024-05-17 10:19:57+00:00,pending,79,26,USD
276,91,2025-02-28 10:31:43+00:00,confirmed,19,188,JPY
277,169,2025-09-02 05:56:29+00:00,returned,80,337,CNY
278,154,2024-12-11 21:07:14+00:00,confirmed,32,312,EUR
279,30,2023-03-20 04:59:08+00:00,confirmed,17,64,PLN
280,83,2024-09-06 01:09:05+00:00,cancelled,5,172,BRL
281,100,2022-11-26 05:48:02+00:00,confirmed,61,206,USD
282,192,2025-06-11 23:02:51+00:00,pending,19,381,JPY
283,35,2024-12-18 01:32:38+00:00,confirmed,4,74,CLP
284,166,2023-10-04 14:26:52+00:00,confirmed,20,330,AED
285,12,2023-05-05 23:34:48+00:00,confirmed,47,27,JPY
286,14,2022-12-31 09:57:23+00:00,pending,20,31,EUR
287,18,2023-05-10 18:09:58+00:00,fulfilled,46,40,EUR
288,129,2024-03-31 08:27:13+00:00,confirmed,35,266,EUR
289,134,2024-05-13 06:12:48+00:00,returned,12,278,AUD
290,200,2022-11-23 04:55:53+00:00,fulfilled,54,394,EUR
291,140,2024-08-31 14:31:26+00:00,fulfilled,23,288,AED
292,105,2023-05-05 08:08:24+00:00,confirmed,53,217,USD
293,195,2024-09-23 00:46:47+00:00,fulfilled,17,385,CLP
294,125,2025-08-07 05:02:46+00:00,fulfilled,21,256,EUR
295,33,2024-07-28 09:58:16+00:00,confirmed,65,70,EUR
296,67,2024-02-13 18:29:26+00:00,confirmed,79,141,USD
297,68,2023-09-07 11:54:38+00:00,fulfilled,1,144,AUD
298,74,2025-08-07 22:13:26+00:00,confirmed,40,157,USD
299,164,2025-06-16 11:40:46+00:00,fulfilled,49,328,UYU
300,112,2024-06-10 16:09:27+00:00,confirmed,70,231,INR
301,36,2023-02-22 10:03:06+00:00,fulfilled,13,76,PEN
302,7,2024-12-04 20:12:32+00:00,confirmed,3,17,PLN
303,136,2023-07-31 18:58:46+00:00,fulfilled,49,281,PYG
304,136,2023-05-06 21:28:54+00:00,fulfilled,3,281,PYG
305,53,2025-02-04 12:33:17+00:00,confirmed,4,111,ARS
306,160,2024-03-16 09:39:07+00:00,confirmed,34,319,EUR
307,67,2025-03-20 01:00:03+00:00,confirmed,24,141,USD
308,207,2023-03-19 09:43:12+00:00,fulfilled,59,408,CLP
309,205,2024-06-19 21:16:58+00:00,fulfilled,14,404,AUD
310,68,2024-10-07 05:30:41+00:00,pending,46,142,AUD
311,160,2023-06-23 12:35:49+00:00,confirmed,50,321,EUR
312,83,2024-08-10 13:15:43+00:00,returned,24,173,BRL
313,42,2024-12-26 19:28:37+00:00,confirmed,45,87,CLP
314,198,2025-06-14 08:44:26+00:00,fulfilled,78,392,CAD
315,116,2023-11-03 05:08:17+00:00,fulfilled,30,240,EUR
316,211,2023-05-03 11:46:15+00:00,confirmed,24,416,EUR
317,93,2023-12-21 17:32:08+00:00,confirmed,43,193,EUR
318,156,2023-10-30 16:27:42+00:00,fulfilled,1,314,EUR
319,191,2022-10-31 05:55:41+00:00,fulfilled,47,380,INR
320,24,2024-08-26 18:10:30+00:00,fulfilled,24,54,GBP
321,123,2025-04-26 02:05:51+00:00,fulfilled,43,251,COP
322,178,2024-01-01 17:37:09+00:00,fulfilled,55,354,CNY
323,80,2023-12-19 04:00:26+00:00,returned,37,166,USD
324,178,2022-12-15 19:56:06+00:00,confirmed,62,354,CNY
325,37,2023-11-11 23:00:51+00:00,fulfilled,18,78,AED
326,101,2024-03-02 22:02:20+00:00,cancelled,47,208,JPY
327,89,2022-10-04 18:29:42+00:00,fulfilled,43,186,ARS
328,45,2023-01-10 15:20:30+00:00,confirmed,29,94,AED
329,106,2023-02-06 20:50:18+00:00,confirmed,69,219,BRL
330,54,2022-10-24 04:19:35+00:00,fulfilled,41,112,AED
331,60,2025-03-27 13:23:28+00:00,confirmed,73,125,NZD
332,158,2023-01-05 14:56:46+00:00,pending,68,317,EUR
333,80,2022-11-02 12:22:30+00:00,confirmed,43,166,USD
334,132,2023-11-30 14:13:32+00:00,confirmed,75,272,EUR
335,18,2023-02-11 05:11:27+00:00,confirmed,58,40,EUR
336,20,2022-12-24 08:59:14+00:00,pending,62,43,PEN
337,12,2023-10-23 13:12:28+00:00,confirmed,69,27,JPY
338,107,2022-09-15 05:41:45+00:00,pending,42,220,AUD
339,7,2025-01-26 14:13:12+00:00,pending,1,16,PLN
340,50,2023-11-13 13:38:38+00:00,confirmed,13,104,EUR
341,41,2023-10-31 09:16:18+00:00,confirmed,34,84,CNY
342,181,2025-03-01 14:50:57+00:00,pending,59,361,BRL
343,179,2023-09-14 02:13:51+00:00,cancelled,79,356,EUR
344,45,2023-06-18 05:50:22+00:00,fulfilled,72,94,AED
345,174,2023-08-17 02:07:15+00:00,fulfilled,16,348,CNY
346,163,2023-09-06 08:52:44+00:00,confirmed,39,325,EUR
347,168,2022-11-12 13:28:35+00:00,confirmed,40,335,USD
348,143,2023-11-15 09:27:08+00:00,fulfilled,69,291,PYG
349,165,2024-02-29 20:38:06+00:00,confirmed,53,329,PLN
350,48,2023-08-16 19:44:05+00:00,fulfilled,31,100,PYG
351,35,2023-09-27 15:27:31+00:00,pending,23,74,CLP
352,67,2024-11-24 10:03:14+00:00,fulfilled,64,141,USD
353,179,2022-09-16 10:09:09+00:00,fulfilled,56,355,EUR
354,75,2023-01-29 22:53:41+00:00,pending,35,159,GBP
355,206,2023-02-16 13:04:33+00:00,confirmed,28,405,USD
356,150,2023-07-24 05:48:24+00:00,pending,2,304,CAD
357,125,2023-12-20 16:42:11+00:00,confirmed,16,256,EUR
358,177,2024-12-25 01:27:41+00:00,fulfilled,79,353,BRL
359,5,2024-08-05 07:07:12+00:00,pending,17,12,PYG
360,48,2024-03-25 23:53:02+00:00,fulfilled,57,100,PYG
361,90,2023-03-06 20:19:53+00:00,confirmed,13,187,BOB
362,98,2023-08-26 09:30:39+00:00,fulfilled,54,202,CNY
363,203,2023-05-08 22:14:16+00:00,fulfilled,10,399,EUR
364,106,2025-04-13 04:08:29+00:00,fulfilled,51,218,BRL
365,83,2024-12-22 00:34:53+00:00,confirmed,69,173,BRL
366,25,2025-07-15 05:27:45+00:00,confirmed,8,57,EUR
367,169,2024-04-16 11:01:40+00:00,fulfilled,5,337,CNY
368,57,2024-03-27 09:06:08+00:00,returned,30,118,NZD
369,101,2023-12-24 02:11:04+00:00,fulfilled,5,208,JPY
370,188,2023-07-27 13:27:01+00:00,fulfilled,67,374,PLN
371,52,2024-02-26 11:13:53+00:00,fulfilled,67,108,COP
372,92,2023-03-10 14:26:54+00:00,fulfilled,55,189,EUR
373,103,2025-04-22 19:35:02+00:00,confirmed,79,211,USD
374,165,2025-03-19 00:07:51+00:00,fulfilled,35,329,PLN
375,124,2025-03-10 13:15:02+00:00,returned,47,253,AED
376,87,2024-04-21 21:25:55+00:00,cancelled,67,182,INR
377,13,2025-07-25 20:18:34+00:00,fulfilled,76,28,ZAR
378,129,2022-11-10 11:36:11+00:00,fulfilled,1,265,EUR
379,16,2023-11-11 22:45:46+00:00,confirmed,45,36,MXN
380,71,2023-07-20 06:20:53+00:00,fulfilled,30,149,USD
381,88,2022-12-24 05:10:34+00:00,fulfilled,2,183,EUR
382,36,2023-01-25 23:39:19+00:00,confirmed,58,75,PEN
383,49,2025-05-07 05:10:35+00:00,confirmed,36,103,USD
384,108,2025-06-08 05:09:04+00:00,pending,54,222,AED
385,28,2024-10-29 10:45:58+00:00,fulfilled,31,61,ARS
386,41,2025-07-06 06:36:48+00:00,confirmed,63,82,CNY
387,119,2024-02-29 07:57:46+00:00,confirmed,22,244,NZD
388,88,2023-12-26 14:04:53+00:00,fulfilled,18,184,EUR
389,167,2024-02-23 01:58:36+00:00,confirmed,70,333,EUR
390,97,2023-12-22 10:41:49+00:00,confirmed,1,201,BOB
391,160,2023-12-09 05:47:09+00:00,fulfilled,76,320,EUR
392,102,2023-10-21 16:07:50+00:00,confirmed,19,209,AED
393,39,2024-03-03 02:07:00+00:00,confirmed,44,80,CLP
394,161,2024-04-24 03:23:10+00:00,confirmed,51,322,PYG
395,140,2022-09-26 21:40:54+00:00,confirmed,13,287,AED
396,162,2023-07-16 13:02:10+00:00,confirmed,31,323,JPY
397,160,2024-12-05 13:28:38+00:00,fulfilled,72,320,EUR
398,176,2023-03-22 22:46:38+00:00,fulfilled,45,350,ZAR
399,115,2023-10-07 17:49:50+00:00,confirmed,29,236,CLP
400,33,2022-12-26 06:56:16+00:00,confirmed,8,71,EUR
401,47,2024-08-30 11:40:30+00:00,returned,33,99,UYU
402,31,2024-06-06 01:17:16+00:00,pending,72,65,EUR
403,92,2024-09-07 14:47:00+00:00,confirmed,35,191,EUR
404,7,2023-07-04 22:45:43+00:00,fulfilled,68,15,PLN
405,204,2023-03-23 16:58:23+00:00,confirmed,58,401,EUR
406,160,2023-12-23 04:51:53+00:00,fulfilled,40,320,EUR
407,33,2023-02-10 11:25:22+00:00,confirmed,64,70,EUR
408,190,2024-02-10 20:54:50+00:00,pending,13,378,EUR
409,105,2025-05-18 00:01:02+00:00,returned,5,217,USD
410,30,2023-10-28 02:55:22+00:00,confirmed,17,64,PLN
411,56,2024-05-27 11:31:44+00:00,pending,33,117,CNY
412,117,2023-04-22 08:28:25+00:00,fulfilled,49,242,CAD
413,154,2024-09-25 15:18:15+00:00,fulfilled,65,312,EUR
414,1,2023-11-19 04:27:22+00:00,fulfilled,4,1,COP
415,80,2023-08-20 15:12:06+00:00,fulfilled,23,166,USD
416,51,2024-11-03 23:38:47+00:00,confirmed,24,106,ZAR
417,135,2022-11-14 08:15:40+00:00,fulfilled,1,280,ZAR
418,27,2023-01-01 07:11:40+00:00,returned,20,60,EUR
419,129,2023-04-09 03:31:17+00:00,fulfilled,31,265,EUR
420,12,2025-01-12 11:26:57+00:00,confirmed,37,27,JPY
421,190,2024-05-27 18:57:27+00:00,confirmed,40,379,EUR
422,131,2024-06-15 11:09:31+00:00,pending,73,269,AED
423,137,2023-11-25 07:58:20+00:00,fulfilled,72,282,EUR
424,42,2024-05-29 17:12:24+00:00,confirmed,69,85,CLP
425,100,2024-09-01 21:39:31+00:00,confirmed,67,206,USD
426,10,2024-12-08 06:37:27+00:00,fulfilled,31,24,PYG
427,31,2023-07-13 15:42:25+00:00,confirmed,26,65,EUR
428,203,2023-03-19 07:38:44+00:00,fulfilled,29,400,EUR
429,108,2022-11-10 16:00:57+00:00,confirmed,80,223,AED
430,34,2023-02-05 11:32:57+00:00,confirmed,40,72,GBP
431,94,2023-03-20 01:27:30+00:00,fulfilled,13,195,PLN
432,149,2022-09-26 07:00:26+00:00,fulfilled,31,302,CLP
433,69,2023-09-14 06:28:22+00:00,cancelled,59,145,USD
434,118,2024-12-21 23:22:29+00:00,confirmed,67,243,EUR
435,43,2024-08-29 13:57:42+00:00,confirmed,67,89,ARS
436,180,2022-10-23 17:16:52+00:00,confirmed,50,357,INR
437,189,2022-10-12 08:54:48+00:00,confirmed,49,376,CAD
438,4,2023-07-28 23:25:00+00:00,fulfilled,21,10,INR
439,179,2024-07-18 06:00:13+00:00,fulfilled,44,356,EUR
440,176,2023-02-03 05:49:20+00:00,confirmed,26,350,ZAR
441,38,2024-08-13 23:45:40+00:00,confirmed,64,79,EUR
442,137,2025-07-27 09:39:08+00:00,fulfilled,7,282,EUR
443,92,2022-12-02 12:28:56+00:00,confirmed,71,189,EUR
444,12,2024-08-28 22:15:31+00:00,confirmed,15,27,JPY
445,100,2024-11-12 18:29:22+00:00,confirmed,75,206,USD
446,165,2024-03-22 22:02:22+00:00,fulfilled,78,329,PLN
447,28,2024-04-27 20:00:24+00:00,fulfilled,61,61,ARS
448,79,2024-07-01 10:37:13+00:00,confirmed,41,165,AED
449,126,2022-10-02 09:51:32+00:00,confirmed,74,258,GBP
450,143,2023-05-26 12:35:26+00:00,fulfilled,53,291,PYG
451,169,2022-11-10 16:01:43+00:00,fulfilled,25,337,CNY
452,59,2024-10-10 00:55:51+00:00,confirmed,39,123,ZAR
453,36,2023-02-26 04:22:03+00:00,fulfilled,69,75,PEN
454,182,2024-11-14 02:35:43+00:00,confirmed,9,363,BRL
455,201,2024-06-07 04:14:05+00:00,confirmed,73,397,GBP
456,133,2023-05-09 14:41:35+00:00,pending,45,275,USD
457,197,2023-11-18 05:46:44+00:00,fulfilled,20,389,AED
458,170,2025-07-30 19:31:20+00:00,fulfilled,61,339,PYG
459,184,2025-01-26 10:12:37+00:00,confirmed,25,366,CAD
460,193,2025-01-05 21:18:10+00:00,fulfilled,36,383,CNY
461,7,2023-12-12 05:38:54+00:00,fulfilled,40,16,PLN
462,131,2024-12-23 23:17:00+00:00,confirmed,47,269,AED
463,105,2025-01-08 01:40:02+00:00,fulfilled,42,216,USD
464,129,2023-03-19 22:28:06+00:00,cancelled,65,265,EUR
465,63,2023-04-04 16:16:59+00:00,confirmed,18,133,UYU
466,61,2023-12-06 15:09:01+00:00,confirmed,50,128,CAD
467,142,2023-07-16 22:21:24+00:00,fulfilled,47,290,COP
468,191,2025-05-26 07:06:16+00:00,fulfilled,30,380,INR
469,148,2025-03-22 18:40:26+00:00,confirmed,50,300,CNY
470,34,2024-01-02 11:19:54+00:00,fulfilled,55,72,GBP
471,187,2024-12-12 22:10:06+00:00,fulfilled,35,373,PYG
472,46,2024-03-29 09:58:08+00:00,confirmed,29,96,GBP
473,6,2024-09-17 08:26:14+00:00,fulfilled,19,14,NZD
474,152,2022-10-14 04:32:15+00:00,fulfilled,50,307,EUR
475,124,2024-10-28 13:09:56+00:00,fulfilled,73,255,AED
476,195,2025-02-05 22:11:23+00:00,confirmed,37,385,CLP
477,66,2025-07-19 18:21:42+00:00,fulfilled,12,140,ZAR
478,42,2022-12-21 00:43:09+00:00,confirmed,22,85,CLP
479,125,2023-06-20 13:48:18+00:00,pending,70,256,EUR
480,135,2023-12-02 13:40:53+00:00,cancelled,62,280,ZAR
481,207,2023-02-18 23:27:59+00:00,cancelled,11,406,CLP
482,27,2023-10-18 17:42:22+00:00,fulfilled,51,60,EUR
483,141,2024-10-11 23:07:23+00:00,confirmed,58,289,ZAR
484,69,2023-05-19 19:45:10+00:00,confirmed,50,146,USD
485,35,2023-11-04 14:05:11+00:00,cancelled,77,74,CLP
486,88,2025-05-13 23:37:29+00:00,fulfilled,26,183,EUR
487,121,2024-11-26 02:22:07+00:00,pending,79,248,EUR
488,42,2024-05-14 23:14:16+00:00,fulfilled,41,85,CLP
489,43,2023-04-30 08:28:39+00:00,fulfilled,37,90,ARS
490,143,2023-12-20 13:39:39+00:00,confirmed,10,291,PYG
491,196,2023-07-15 01:24:41+00:00,fulfilled,48,386,EUR
492,154,2023-02-01 11:25:25+00:00,fulfilled,49,312,EUR
493,106,2023-08-09 08:18:30+00:00,fulfilled,78,218,BRL
494,25,2024-09-23 16:20:07+00:00,pending,50,57,EUR
495,2,2022-09-19 23:19:05+00:00,fulfilled,36,2,EUR
496,152,2024-01-05 17:06:50+00:00,fulfilled,56,307,EUR
497,83,2023-08-30 21:57:10+00:00,fulfilled,67,173,BRL
498,209,2023-06-19 18:36:08+00:00,fulfilled,13,410,MXN
499,136,2025-06-28 03:08:30+00:00,confirmed,35,281,PYG
500,40,2023-08-29 00:00:54+00:00,confirmed,72,81,NZD
501,115,2024-11-03 14:01:18+00:00,cancelled,40,236,CLP
502,130,2025-02-05 06:04:47+00:00,pending,34,267,EUR
503,4,2023-04-06 10:47:46+00:00,fulfilled,69,8,INR
504,105,2023-12-21 14:56:27+00:00,fulfilled,40,217,USD
505,108,2024-04-07 01:28:15+00:00,fulfilled,68,221,AED
506,204,2024-01-17 13:52:26+00:00,fulfilled,9,403,EUR
507,195,2025-03-03 22:12:04+00:00,fulfilled,69,385,CLP
508,152,2024-04-05 04:44:08+00:00,confirmed,27,307,EUR
509,168,2022-11-03 00:55:29+00:00,confirmed,66,336,USD
510,94,2024-03-21 18:34:35+00:00,fulfilled,30,194,PLN
511,186,2024-05-08 21:13:50+00:00,confirmed,5,372,UYU
512,39,2022-11-27 23:06:48+00:00,fulfilled,17,80,CLP
513,51,2025-01-01 17:26:29+00:00,fulfilled,28,106,ZAR
514,119,2022-11-23 19:48:04+00:00,confirmed,55,245,NZD
515,107,2024-08-04 10:19:58+00:00,pending,76,220,AUD
516,27,2022-12-24 13:24:52+00:00,cancelled,27,60,EUR
517,71,2024-05-27 06:45:49+00:00,cancelled,3,149,USD
518,39,2024-09-15 21:10:34+00:00,pending,26,80,CLP
519,7,2024-12-27 15:58:17+00:00,fulfilled,61,15,PLN
520,125,2023-01-13 05:33:21+00:00,fulfilled,78,256,EUR
521,99,2024-01-18 13:22:34+00:00,cancelled,46,205,EUR
522,40,2023-03-01 22:56:42+00:00,confirmed,75,81,NZD
523,188,2023-10-22 07:10:49+00:00,fulfilled,20,374,PLN
524,43,2025-01-10 04:53:53+00:00,fulfilled,58,90,ARS
525,49,2023-04-16 11:49:19+00:00,confirmed,24,101,USD
526,163,2025-07-25 19:38:34+00:00,confirmed,33,325,EUR
527,119,2024-01-21 23:08:55+00:00,cancelled,61,245,NZD
528,172,2025-09-03 09:54:33+00:00,confirmed,77,344,INR
529,74,2023-04-29 06:59:07+00:00,confirmed,12,157,USD
530,57,2025-06-25 13:02:51+00:00,fulfilled,29,119,NZD
531,56,2025-06-29 23:46:56+00:00,confirmed,7,115,CNY
532,162,2024-09-16 02:43:12+00:00,confirmed,47,323,JPY
533,71,2024-12-09 06:41:35+00:00,confirmed,58,149,USD
534,209,2024-07-25 22:12:29+00:00,fulfilled,4,410,MXN
535,172,2024-11-01 21:11:23+00:00,fulfilled,44,344,INR
536,139,2024-06-14 21:20:01+00:00,fulfilled,76,285,AUD
537,119,2025-01-29 10:35:26+00:00,confirmed,74,245,NZD
538,208,2023-07-22 04:34:06+00:00,fulfilled,38,409,BRL
539,162,2022-10-24 22:55:26+00:00,fulfilled,8,323,JPY
540,77,2023-03-30 06:57:49+00:00,confirmed,49,162,EUR
541,205,2025-02-22 01:50:55+00:00,fulfilled,48,404,AUD
542,133,2025-08-27 04:01:50+00:00,confirmed,45,276,USD
543,36,2023-12-19 00:38:50+00:00,pending,42,75,PEN
544,183,2023-11-20 18:15:49+00:00,fulfilled,56,364,JPY
545,39,2024-09-17 22:04:35+00:00,confirmed,6,80,CLP
546,166,2023-03-16 01:08:45+00:00,confirmed,38,330,AED
547,117,2023-05-24 05:11:26+00:00,fulfilled,10,241,CAD
548,102,2023-05-10 14:24:04+00:00,pending,38,209,AED
549,122,2024-05-21 07:35:50+00:00,fulfilled,51,250,EUR
550,90,2022-12-18 19:59:10+00:00,confirmed,36,187,BOB
551,189,2022-11-16 13:41:44+00:00,confirmed,58,375,CAD
552,27,2025-06-10 05:53:10+00:00,confirmed,67,60,EUR
553,105,2023-06-10 17:27:44+00:00,confirmed,12,217,USD
554,95,2024-08-30 05:12:12+00:00,confirmed,28,196,EUR
555,104,2025-06-18 20:55:33+00:00,confirmed,38,213,BOB
556,155,2023-04-10 17:09:56+00:00,fulfilled,78,313,COP
557,18,2025-02-03 11:01:07+00:00,cancelled,28,40,EUR
558,77,2023-10-24 03:11:51+00:00,fulfilled,30,161,EUR
559,53,2024-12-09 14:42:23+00:00,fulfilled,4,109,ARS
560,93,2025-06-06 21:33:40+00:00,fulfilled,66,192,EUR
561,167,2022-10-18 02:11:40+00:00,confirmed,41,332,EUR
562,171,2024-08-05 06:58:00+00:00,fulfilled,5,340,GBP
563,184,2024-07-10 21:29:43+00:00,confirmed,45,367,CAD
564,141,2025-01-12 04:28:10+00:00,pending,54,289,ZAR
565,88,2024-04-12 01:18:36+00:00,confirmed,77,183,EUR
566,13,2024-03-30 14:27:58+00:00,fulfilled,9,29,ZAR
567,10,2024-08-03 15:45:43+00:00,fulfilled,58,24,PYG
568,91,2023-09-20 00:56:23+00:00,fulfilled,16,188,JPY
569,83,2025-04-16 03:16:06+00:00,fulfilled,5,172,BRL
570,126,2025-06-15 08:02:52+00:00,confirmed,14,257,GBP
571,4,2023-07-15 23:29:10+00:00,pending,72,9,INR
572,112,2024-02-11 16:20:58+00:00,pending,54,231,INR
573,173,2025-03-22 18:33:27+00:00,pending,64,346,PLN
574,203,2025-01-01 21:48:43+00:00,fulfilled,72,400,EUR
575,171,2024-10-18 09:44:21+00:00,fulfilled,19,340,GBP
576,196,2023-05-23 12:38:29+00:00,fulfilled,29,386,EUR
577,18,2025-07-16 19:50:42+00:00,confirmed,31,40,EUR
578,51,2023-09-13 15:48:19+00:00,fulfilled,60,106,ZAR
579,181,2024-12-31 18:17:55+00:00,confirmed,53,360,BRL
580,151,2024-09-29 01:44:38+00:00,confirmed,47,306,ARS
581,58,2023-10-11 11:15:04+00:00,confirmed,47,120,USD
582,60,2023-11-25 01:48:18+00:00,returned,36,124,NZD
583,82,2024-08-18 20:30:22+00:00,cancelled,7,171,EUR
584,96,2025-01-03 09:30:29+00:00,confirmed,2,200,AUD
585,91,2024-03-29 02:35:10+00:00,fulfilled,70,188,JPY
586,52,2024-05-04 19:56:02+00:00,pending,60,108,COP
587,47,2024-05-09 00:27:45+00:00,confirmed,35,98,UYU
588,172,2023-09-23 16:05:27+00:00,confirmed,72,343,INR
589,153,2024-11-03 22:33:40+00:00,confirmed,34,309,CLP
590,150,2024-11-27 11:17:32+00:00,pending,22,304,CAD
591,176,2023-11-05 16:58:54+00:00,fulfilled,39,350,ZAR
592,200,2022-11-04 18:10:58+00:00,confirmed,10,395,EUR
593,122,2025-06-24 13:09:17+00:00,fulfilled,23,249,EUR
594,16,2024-08-02 02:45:06+00:00,cancelled,59,36,MXN
595,35,2023-11-15 08:34:26+00:00,fulfilled,53,74,CLP
596,31,2022-12-04 02:37:28+00:00,confirmed,46,65,EUR
597,74,2023-11-23 17:19:37+00:00,returned,76,157,USD
598,159,2025-07-01 16:45:39+00:00,fulfilled,60,318,EUR
599,96,2024-01-12 02:54:09+00:00,fulfilled,74,199,AUD
600,120,2023-05-18 12:35:24+00:00,fulfilled,59,246,CNY
601,119,2024-10-01 07:11:11+00:00,confirmed,60,245,NZD
602,73,2023-11-05 10:46:07+00:00,fulfilled,71,152,ZAR
603,115,2025-07-16 06:54:25+00:00,fulfilled,9,237,CLP
604,56,2023-01-14 21:10:03+00:00,confirmed,37,115,CNY
605,151,2025-03-29 14:37:42+00:00,fulfilled,29,306,ARS
606,72,2025-07-31 16:51:27+00:00,confirmed,43,150,CAD
607,145,2023-10-11 03:24:54+00:00,fulfilled,56,295,EUR
608,138,2025-08-02 16:54:08+00:00,fulfilled,74,283,EUR
609,109,2023-01-15 22:05:22+00:00,confirmed,12,225,EUR
610,53,2022-09-28 11:28:50+00:00,pending,14,109,ARS
611,122,2023-12-26 05:03:25+00:00,fulfilled,55,249,EUR
612,175,2025-06-11 00:14:49+00:00,fulfilled,28,349,EUR
613,2,2025-04-26 13:51:23+00:00,cancelled,2,4,EUR
614,147,2022-09-30 07:06:43+00:00,fulfilled,2,299,ZAR
615,48,2023-02-05 13:24:05+00:00,confirmed,11,100,PYG
616,180,2023-12-11 08:00:09+00:00,confirmed,17,357,INR
617,38,2023-10-04 21:37:24+00:00,confirmed,42,79,EUR
618,122,2025-07-14 23:28:13+00:00,returned,20,249,EUR
619,178,2023-07-16 07:21:32+00:00,fulfilled,35,354,CNY
620,181,2023-01-04 20:17:00+00:00,confirmed,75,361,BRL
621,179,2024-06-17 02:07:50+00:00,pending,15,356,EUR
622,171,2022-10-15 21:17:54+00:00,fulfilled,64,340,GBP
623,198,2025-02-10 22:34:49+00:00,returned,28,392,CAD
624,45,2023-02-14 14:14:35+00:00,fulfilled,11,95,AED
625,134,2025-07-11 09:04:05+00:00,cancelled,74,279,AUD
626,19,2024-03-21 07:30:53+00:00,confirmed,64,41,EUR
627,124,2024-02-22 05:01:39+00:00,confirmed,28,255,AED
628,178,2025-04-08 10:22:02+00:00,fulfilled,35,354,CNY
629,77,2024-12-06 20:54:29+00:00,confirmed,65,162,EUR
630,187,2022-09-10 13:34:37+00:00,confirmed,34,373,PYG
631,208,2023-09-10 10:59:57+00:00,fulfilled,79,409,BRL
632,195,2023-05-22 05:41:50+00:00,fulfilled,50,385,CLP
633,196,2024-01-29 07:59:41+00:00,confirmed,69,387,EUR
634,18,2025-07-03 10:39:43+00:00,fulfilled,18,40,EUR
635,151,2023-09-06 07:55:06+00:00,fulfilled,41,305,ARS
636,129,2022-09-14 06:09:35+00:00,confirmed,18,266,EUR
637,50,2023-11-22 02:36:12+00:00,confirmed,68,104,EUR
638,90,2023-05-12 01:35:14+00:00,confirmed,51,187,BOB
639,205,2025-07-24 20:30:52+00:00,fulfilled,42,404,AUD
640,164,2024-09-28 08:16:45+00:00,fulfilled,53,328,UYU
641,102,2023-03-18 09:17:59+00:00,confirmed,51,209,AED
642,196,2023-10-05 06:09:59+00:00,pending,57,388,EUR
643,62,2024-03-29 19:02:31+00:00,fulfilled,46,130,BOB
644,56,2023-01-19 19:51:01+00:00,cancelled,48,115,CNY
645,49,2025-07-16 07:25:02+00:00,fulfilled,80,102,USD
646,36,2024-02-24 12:51:00+00:00,confirmed,7,77,PEN
647,137,2024-08-09 10:06:09+00:00,confirmed,41,282,EUR
648,16,2022-11-06 10:58:45+00:00,fulfilled,11,36,MXN
649,174,2025-04-11 22:49:14+00:00,confirmed,20,348,CNY
650,81,2024-11-21 13:15:38+00:00,confirmed,55,169,EUR
651,117,2025-03-19 07:10:07+00:00,fulfilled,34,242,CAD
652,60,2025-05-03 08:09:13+00:00,confirmed,71,126,NZD
653,87,2022-10-24 02:50:23+00:00,fulfilled,67,181,INR
654,164,2022-09-26 09:49:18+00:00,confirmed,45,328,UYU
655,25,2023-08-01 06:51:42+00:00,confirmed,6,55,EUR
656,54,2023-07-21 23:57:45+00:00,confirmed,49,112,AED
657,174,2022-09-13 17:51:01+00:00,confirmed,73,347,CNY
658,80,2023-02-21 07:16:14+00:00,fulfilled,28,167,USD
659,98,2024-04-19 13:57:01+00:00,returned,69,202,CNY
660,149,2023-08-30 15:45:48+00:00,fulfilled,42,301,CLP
661,50,2022-10-16 12:44:28+00:00,cancelled,9,104,EUR
662,199,2024-05-24 06:48:52+00:00,confirmed,39,393,USD
663,9,2024-06-22 07:24:16+00:00,confirmed,50,21,UYU
664,38,2023-09-16 07:12:15+00:00,confirmed,36,79,EUR
665,81,2024-10-08 23:16:18+00:00,fulfilled,80,170,EUR
666,184,2023-06-12 16:02:46+00:00,confirmed,46,367,CAD
667,190,2024-06-21 02:05:41+00:00,confirmed,64,378,EUR
668,102,2024-06-30 23:56:36+00:00,confirmed,24,209,AED
669,96,2023-02-09 13:33:45+00:00,fulfilled,63,199,AUD
670,141,2023-06-13 04:23:57+00:00,confirmed,19,289,ZAR
671,153,2025-06-30 17:55:27+00:00,fulfilled,12,308,CLP
672,92,2023-10-20 23:25:28+00:00,confirmed,75,191,EUR
673,7,2023-01-26 17:22:09+00:00,fulfilled,26,16,PLN
674,30,2024-01-06 13:23:38+00:00,fulfilled,9,64,PLN
675,31,2024-08-26 18:10:11+00:00,pending,68,65,EUR
676,86,2023-03-04 16:11:15+00:00,fulfilled,50,178,CAD
677,56,2024-03-11 15:59:40+00:00,returned,31,115,CNY
678,129,2025-02-11 05:45:37+00:00,fulfilled,67,266,EUR
679,71,2023-10-23 20:07:26+00:00,fulfilled,9,149,USD
680,105,2024-09-22 10:53:58+00:00,confirmed,34,216,USD
681,114,2024-12-23 23:47:51+00:00,fulfilled,37,234,AUD
682,87,2023-11-19 20:18:53+00:00,confirmed,64,182,INR
683,88,2024-12-15 04:55:28+00:00,pending,13,183,EUR
684,176,2024-03-05 04:37:57+00:00,confirmed,47,350,ZAR
685,187,2025-06-13 20:51:26+00:00,cancelled,29,373,PYG
686,4,2022-09-29 15:16:45+00:00,returned,55,9,INR
687,63,2025-06-13 04:17:53+00:00,fulfilled,21,132,UYU
688,87,2023-01-15 12:17:10+00:00,confirmed,9,182,INR
689,35,2024-12-28 07:15:52+00:00,confirmed,70,74,CLP
690,208,2023-10-06 09:51:46+00:00,confirmed,14,409,BRL
691,158,2024-06-04 13:59:03+00:00,fulfilled,37,317,EUR
692,80,2024-09-03 22:07:16+00:00,confirmed,10,166,USD
693,199,2023-02-13 06:37:26+00:00,cancelled,59,393,USD
694,141,2023-08-16 02:37:07+00:00,cancelled,47,289,ZAR
695,132,2022-11-03 01:59:47+00:00,pending,29,272,EUR
696,31,2023-10-17 12:06:20+00:00,pending,79,65,EUR
697,64,2025-06-12 14:54:19+00:00,fulfilled,55,135,EUR
698,51,2025-01-09 03:55:07+00:00,pending,53,106,ZAR
699,46,2024-09-06 03:06:31+00:00,fulfilled,63,97,GBP
700,187,2025-02-19 20:38:28+00:00,fulfilled,65,373,PYG
701,116,2024-08-30 13:04:05+00:00,fulfilled,37,238,EUR
702,86,2022-10-21 23:41:39+00:00,confirmed,70,178,CAD
703,11,2022-11-27 15:20:18+00:00,fulfilled,37,26,USD
704,93,2024-01-24 06:21:47+00:00,fulfilled,40,192,EUR
705,204,2022-09-11 11:17:19+00:00,pending,23,401,EUR
706,67,2025-04-04 09:58:43+00:00,confirmed,2,141,USD
707,198,2023-04-12 12:08:33+00:00,confirmed,45,392,CAD
708,14,2022-10-06 10:29:20+00:00,confirmed,7,31,EUR
709,33,2025-04-02 15:06:30+00:00,confirmed,70,69,EUR
710,157,2023-05-08 23:16:06+00:00,fulfilled,49,316,EUR
711,191,2024-03-16 19:14:35+00:00,fulfilled,41,380,INR
712,143,2023-07-31 04:49:13+00:00,confirmed,12,291,PYG
713,130,2024-05-08 04:35:05+00:00,returned,2,267,EUR
714,18,2022-10-29 11:36:10+00:00,fulfilled,35,40,EUR
715,1,2024-08-16 17:57:19+00:00,confirmed,44,1,COP
716,107,2024-03-29 11:49:06+00:00,cancelled,13,220,AUD
717,10,2023-02-28 13:34:00+00:00,fulfilled,54,25,PYG
718,187,2023-09-29 06:40:46+00:00,confirmed,7,373,PYG
719,4,2023-07-15 06:14:11+00:00,fulfilled,40,8,INR
720,49,2023-01-04 00:18:23+00:00,fulfilled,55,102,USD
721,174,2023-11-15 22:23:37+00:00,confirmed,70,347,CNY
722,122,2025-06-24 11:11:55+00:00,cancelled,31,249,EUR
723,177,2025-06-18 14:27:52+00:00,confirmed,60,351,BRL
724,66,2024-03-29 08:36:43+00:00,fulfilled,7,140,ZAR
725,62,2024-03-18 16:30:00+00:00,confirmed,72,130,BOB
726,13,2024-12-20 07:41:30+00:00,confirmed,24,30,ZAR
727,54,2023-09-22 22:04:00+00:00,fulfilled,22,112,AED
728,147,2023-01-19 00:12:16+00:00,confirmed,67,299,ZAR
729,8,2025-01-17 22:21:21+00:00,fulfilled,14,18,ZAR
730,85,2022-12-29 14:17:47+00:00,fulfilled,72,177,EUR
731,123,2023-06-24 15:35:51+00:00,fulfilled,52,251,COP
732,196,2024-01-11 11:36:30+00:00,confirmed,14,387,EUR
733,8,2023-02-18 07:46:01+00:00,confirmed,16,20,ZAR
734,40,2024-11-30 10:48:31+00:00,confirmed,26,81,NZD
735,192,2023-02-08 12:41:59+00:00,cancelled,56,382,JPY
736,76,2025-05-29 00:42:58+00:00,fulfilled,80,160,EUR
737,48,2024-09-24 03:47:08+00:00,confirmed,29,100,PYG
738,101,2023-11-30 20:50:26+00:00,fulfilled,32,208,JPY
739,98,2024-08-12 18:50:42+00:00,confirmed,17,202,CNY
740,210,2023-06-20 02:40:03+00:00,fulfilled,24,415,JPY
741,70,2025-03-07 02:39:50+00:00,confirmed,29,148,USD
742,200,2023-08-19 17:20:06+00:00,returned,65,395,EUR
743,82,2024-05-23 04:34:09+00:00,confirmed,50,171,EUR
744,191,2024-07-22 20:34:42+00:00,confirmed,38,380,INR
745,9,2023-02-12 13:49:44+00:00,confirmed,46,23,UYU
746,153,2024-05-05 14:07:42+00:00,confirmed,29,308,CLP
747,118,2023-05-11 13:46:51+00:00,confirmed,54,243,EUR
748,54,2024-07-01 08:59:59+00:00,confirmed,2,112,AED
749,115,2025-01-04 19:05:50+00:00,returned,39,237,CLP
750,66,2023-09-12 09:09:17+00:00,confirmed,51,140,ZAR
751,22,2025-05-06 05:27:50+00:00,fulfilled,34,48,PLN
752,23,2024-05-11 08:48:13+00:00,fulfilled,48,49,PYG
753,56,2024-06-14 15:34:03+00:00,fulfilled,41,116,CNY
754,62,2024-05-06 11:34:30+00:00,confirmed,40,130,BOB
755,147,2025-01-04 01:21:48+00:00,returned,66,299,ZAR
756,134,2025-03-30 23:39:48+00:00,confirmed,64,278,AUD
757,44,2023-12-04 11:16:57+00:00,confirmed,54,91,PLN
758,60,2025-05-25 14:56:29+00:00,confirmed,74,126,NZD
759,69,2023-09-16 03:00:24+00:00,confirmed,67,147,USD
760,81,2024-02-14 17:17:14+00:00,confirmed,18,170,EUR
761,72,2024-01-11 17:54:51+00:00,confirmed,59,150,CAD
762,210,2024-06-28 22:48:34+00:00,fulfilled,28,414,JPY
763,72,2023-06-27 12:24:02+00:00,fulfilled,1,151,CAD
764,75,2022-12-27 22:31:21+00:00,fulfilled,11,159,GBP
765,105,2023-09-08 06:50:47+00:00,fulfilled,4,217,USD
766,199,2024-01-04 21:25:33+00:00,confirmed,15,393,USD
767,176,2023-05-02 01:49:05+00:00,confirmed,29,350,ZAR
768,90,2022-12-06 03:16:51+00:00,fulfilled,19,187,BOB
769,178,2022-09-22 17:01:58+00:00,confirmed,3,354,CNY
770,56,2023-06-01 14:59:22+00:00,confirmed,6,116,CNY
771,138,2024-05-21 08:51:02+00:00,cancelled,42,283,EUR
772,168,2025-07-29 00:59:40+00:00,confirmed,66,334,USD
773,175,2024-08-15 02:59:41+00:00,confirmed,72,349,EUR
774,200,2022-12-19 00:47:01+00:00,confirmed,58,395,EUR
775,110,2023-04-14 03:09:17+00:00,confirmed,78,228,EUR
776,138,2024-09-21 02:01:46+00:00,confirmed,48,283,EUR
777,95,2022-10-14 21:08:56+00:00,fulfilled,69,198,EUR
778,9,2023-06-05 00:17:26+00:00,fulfilled,30,23,UYU
779,166,2025-07-09 20:51:05+00:00,confirmed,73,330,AED
780,186,2025-08-07 03:47:07+00:00,confirmed,32,371,UYU
781,162,2023-07-02 18:56:23+00:00,fulfilled,68,323,JPY
782,209,2023-02-03 07:47:22+00:00,confirmed,41,412,MXN
783,156,2024-03-12 20:29:05+00:00,fulfilled,14,315,EUR
784,38,2023-05-27 21:27:12+00:00,confirmed,75,79,EUR
785,210,2024-08-25 06:26:32+00:00,confirmed,22,415,JPY
786,4,2024-02-23 01:18:07+00:00,confirmed,29,8,INR
787,55,2022-11-22 13:53:41+00:00,confirmed,63,113,EUR
788,140,2024-01-03 17:46:23+00:00,confirmed,2,286,AED
789,30,2023-02-22 19:02:17+00:00,fulfilled,36,64,PLN
790,203,2022-12-01 05:17:34+00:00,cancelled,18,399,EUR
791,120,2025-02-24 09:29:56+00:00,confirmed,57,246,CNY
792,203,2023-07-06 12:00:57+00:00,fulfilled,9,399,EUR
793,126,2022-10-31 22:19:40+00:00,confirmed,37,259,GBP
794,198,2023-04-23 03:09:50+00:00,confirmed,28,392,CAD
795,17,2025-06-02 19:17:37+00:00,confirmed,35,39,CAD
796,163,2024-06-22 16:59:38+00:00,cancelled,10,326,EUR
797,78,2022-11-28 01:37:40+00:00,confirmed,2,164,AED
798,140,2023-12-02 10:19:02+00:00,confirmed,56,287,AED
799,119,2024-04-20 16:29:06+00:00,pending,34,244,NZD
800,4,2022-11-12 19:25:24+00:00,cancelled,51,10,INR
801,144,2023-10-01 09:40:40+00:00,confirmed,44,292,EUR
802,46,2023-06-15 21:04:03+00:00,returned,45,97,GBP
803,103,2023-05-15 18:39:11+00:00,fulfilled,30,211,USD
804,153,2024-04-28 02:48:22+00:00,confirmed,55,308,CLP
805,207,2023-04-13 04:41:30+00:00,confirmed,35,406,CLP
806,187,2023-08-25 22:24:18+00:00,returned,70,373,PYG
807,125,2022-11-22 11:40:56+00:00,fulfilled,63,256,EUR
808,111,2024-03-20 18:04:23+00:00,confirmed,45,229,AUD
809,144,2024-10-02 13:32:29+00:00,fulfilled,41,292,EUR
810,39,2023-11-23 05:54:12+00:00,fulfilled,6,80,CLP
811,92,2024-02-22 03:58:12+00:00,confirmed,28,190,EUR
812,176,2024-05-18 09:57:59+00:00,confirmed,14,350,ZAR
813,149,2023-11-24 21:00:36+00:00,fulfilled,38,302,CLP
814,203,2022-11-15 07:31:40+00:00,confirmed,40,400,EUR
815,27,2024-06-01 02:19:38+00:00,fulfilled,49,59,EUR
816,48,2025-01-27 23:56:15+00:00,fulfilled,30,100,PYG
817,73,2023-03-15 09:31:28+00:00,fulfilled,3,154,ZAR
818,12,2023-01-05 04:23:33+00:00,fulfilled,33,27,JPY
819,29,2024-05-24 23:40:37+00:00,confirmed,67,62,PEN
820,177,2024-10-20 08:51:59+00:00,fulfilled,72,352,BRL
821,47,2022-10-27 11:48:15+00:00,pending,67,98,UYU
822,145,2023-09-23 08:43:03+00:00,pending,67,296,EUR
823,165,2024-06-06 20:25:25+00:00,confirmed,24,329,PLN
824,83,2024-06-11 10:24:13+00:00,confirmed,29,172,BRL
825,184,2023-11-23 18:49:28+00:00,confirmed,33,366,CAD
826,115,2025-03-20 15:00:23+00:00,confirmed,55,237,CLP
827,93,2024-12-22 06:44:37+00:00,cancelled,7,192,EUR
828,47,2025-04-15 10:09:58+00:00,confirmed,45,99,UYU
829,166,2023-10-17 05:43:46+00:00,confirmed,78,330,AED
830,158,2025-05-13 01:47:52+00:00,cancelled,67,317,EUR
831,52,2025-05-02 04:42:05+00:00,confirmed,20,108,COP
832,161,2023-04-14 20:25:48+00:00,confirmed,22,322,PYG
833,69,2024-08-05 06:05:27+00:00,fulfilled,37,146,USD
834,81,2024-03-24 03:43:50+00:00,confirmed,52,170,EUR
835,97,2023-03-29 09:47:25+00:00,fulfilled,76,201,BOB
836,90,2023-03-17 03:24:11+00:00,confirmed,59,187,BOB
837,77,2023-05-16 08:25:02+00:00,fulfilled,58,161,EUR
838,79,2025-01-14 16:00:31+00:00,confirmed,78,165,AED
839,105,2025-08-18 03:11:16+00:00,confirmed,40,216,USD
840,158,2024-10-02 23:42:57+00:00,fulfilled,50,317,EUR
841,140,2025-06-24 12:48:10+00:00,confirmed,25,288,AED
842,128,2024-09-30 19:10:03+00:00,fulfilled,49,263,INR
843,19,2024-07-23 11:23:07+00:00,fulfilled,67,41,EUR
844,149,2024-09-24 06:15:56+00:00,confirmed,30,301,CLP
845,118,2024-02-03 06:38:46+00:00,confirmed,45,243,EUR
846,142,2024-01-21 20:25:28+00:00,confirmed,4,290,COP
847,157,2025-07-27 20:59:55+00:00,cancelled,72,316,EUR
848,52,2022-12-16 08:19:04+00:00,confirmed,62,107,COP
849,136,2024-07-07 06:46:05+00:00,returned,10,281,PYG
850,22,2024-02-01 18:49:59+00:00,fulfilled,25,48,PLN
851,155,2024-04-03 18:27:11+00:00,confirmed,40,313,COP
852,116,2022-11-25 06:58:33+00:00,cancelled,51,238,EUR
853,117,2024-02-14 22:59:58+00:00,confirmed,5,241,CAD
854,74,2023-09-21 13:25:14+00:00,fulfilled,80,156,USD
855,67,2023-08-30 10:01:36+00:00,fulfilled,12,141,USD
856,93,2024-12-23 03:49:11+00:00,pending,39,192,EUR
857,197,2023-04-23 18:52:41+00:00,fulfilled,28,389,AED
858,100,2024-08-04 04:08:06+00:00,confirmed,74,206,USD
859,140,2024-02-09 13:49:42+00:00,confirmed,56,288,AED
860,200,2024-12-19 02:26:46+00:00,cancelled,14,394,EUR
861,57,2025-06-10 19:51:47+00:00,fulfilled,3,118,NZD
862,10,2025-02-07 08:51:54+00:00,fulfilled,68,24,PYG
863,177,2023-02-25 05:42:38+00:00,returned,35,353,BRL
864,148,2022-10-18 18:58:46+00:00,confirmed,54,300,CNY
865,12,2022-12-25 22:56:43+00:00,confirmed,32,27,JPY
866,153,2025-06-25 17:17:43+00:00,cancelled,80,308,CLP
867,175,2024-05-08 16:09:59+00:00,confirmed,37,349,EUR
868,99,2023-02-14 17:39:30+00:00,pending,32,205,EUR
869,174,2022-09-29 23:51:07+00:00,confirmed,79,348,CNY
870,55,2024-02-04 22:02:08+00:00,confirmed,46,114,EUR
871,188,2023-12-18 00:08:50+00:00,confirmed,44,374,PLN
872,123,2024-02-14 07:04:55+00:00,fulfilled,52,251,COP
873,41,2023-09-24 18:34:02+00:00,fulfilled,57,82,CNY
874,46,2025-02-22 04:27:01+00:00,confirmed,48,97,GBP
875,68,2022-12-05 21:44:04+00:00,confirmed,39,143,AUD
876,133,2023-11-08 11:34:08+00:00,cancelled,27,274,USD
877,10,2022-09-24 15:50:34+00:00,fulfilled,79,24,PYG
878,14,2024-05-16 08:52:04+00:00,confirmed,68,31,EUR
879,49,2023-08-19 05:37:18+00:00,confirmed,30,101,USD
880,209,2025-07-23 14:28:24+00:00,confirmed,33,410,MXN
881,197,2023-10-05 12:34:21+00:00,confirmed,41,391,AED
882,68,2024-08-17 07:29:45+00:00,confirmed,74,142,AUD
883,138,2024-02-09 06:44:51+00:00,fulfilled,41,283,EUR
884,45,2023-10-02 22:04:36+00:00,fulfilled,22,95,AED
885,41,2024-06-04 16:59:10+00:00,confirmed,68,82,CNY
886,101,2025-01-05 03:41:35+00:00,confirmed,58,208,JPY
887,113,2023-10-21 17:54:26+00:00,confirmed,7,233,ZAR
888,202,2023-12-28 06:20:09+00:00,fulfilled,40,398,PEN
889,106,2023-10-01 21:46:09+00:00,confirmed,52,218,BRL
890,133,2023-11-27 03:56:45+00:00,pending,41,275,USD
891,22,2023-01-01 09:18:33+00:00,confirmed,53,48,PLN
892,24,2023-05-19 19:06:29+00:00,fulfilled,3,54,GBP
893,62,2024-03-28 16:46:40+00:00,cancelled,50,130,BOB
894,128,2022-11-19 00:31:58+00:00,confirmed,42,263,INR
895,45,2025-07-23 22:59:56+00:00,pending,6,94,AED
896,190,2024-09-07 13:24:03+00:00,fulfilled,31,378,EUR
897,49,2024-07-01 20:33:58+00:00,confirmed,44,102,USD
898,78,2023-09-25 20:17:59+00:00,fulfilled,22,164,AED
899,157,2023-08-24 10:19:04+00:00,confirmed,64,316,EUR
900,51,2024-01-11 22:49:28+00:00,confirmed,55,106,ZAR
901,88,2022-12-16 11:57:46+00:00,fulfilled,43,184,EUR
902,140,2023-08-16 08:06:22+00:00,confirmed,62,286,AED
903,36,2024-09-14 10:31:33+00:00,fulfilled,58,75,PEN
904,11,2024-08-31 14:23:24+00:00,fulfilled,43,26,USD
905,91,2023-08-17 13:46:29+00:00,cancelled,78,188,JPY
906,98,2025-02-07 05:32:37+00:00,fulfilled,45,202,CNY
907,110,2023-02-28 01:33:24+00:00,confirmed,34,228,EUR
908,30,2024-05-28 09:15:40+00:00,confirmed,78,64,PLN
909,187,2025-07-09 14:59:15+00:00,fulfilled,34,373,PYG
910,7,2025-02-08 21:54:39+00:00,confirmed,55,17,PLN
911,127,2023-02-18 12:26:35+00:00,fulfilled,23,260,BRL
912,121,2023-05-15 02:46:29+00:00,confirmed,48,247,EUR
913,120,2023-12-19 05:14:37+00:00,confirmed,18,246,CNY
914,62,2023-05-26 03:16:55+00:00,fulfilled,58,130,BOB
915,127,2023-01-02 21:37:27+00:00,pending,72,261,BRL
916,110,2023-06-15 05:27:26+00:00,pending,21,228,EUR
917,45,2022-09-25 08:12:06+00:00,fulfilled,73,94,AED
918,150,2023-02-04 22:01:32+00:00,fulfilled,7,304,CAD
919,141,2022-10-11 21:51:56+00:00,confirmed,1,289,ZAR
920,138,2023-07-03 22:51:51+00:00,confirmed,44,283,EUR
921,158,2022-09-28 13:18:53+00:00,confirmed,20,317,EUR
922,32,2025-03-03 04:21:50+00:00,confirmed,57,67,EUR
923,210,2024-05-13 03:55:33+00:00,confirmed,75,415,JPY
924,13,2024-01-07 21:26:02+00:00,fulfilled,15,28,ZAR
925,27,2023-06-11 03:20:11+00:00,fulfilled,36,60,EUR
926,42,2025-08-30 07:37:51+00:00,cancelled,69,86,CLP
927,187,2023-07-03 15:37:11+00:00,pending,62,373,PYG
928,184,2024-06-23 20:08:57+00:00,fulfilled,10,368,CAD
929,21,2025-01-08 03:23:25+00:00,confirmed,56,46,PEN
930,97,2025-07-29 17:51:02+00:00,confirmed,38,201,BOB
931,161,2025-09-03 15:09:29+00:00,confirmed,64,322,PYG
932,74,2024-06-11 05:54:36+00:00,returned,24,156,USD
933,64,2023-06-09 03:21:08+00:00,cancelled,35,135,EUR
934,66,2024-12-18 23:08:20+00:00,confirmed,6,140,ZAR
935,95,2024-06-12 19:25:50+00:00,pending,72,197,EUR
936,138,2024-06-04 00:49:25+00:00,confirmed,2,283,EUR
937,157,2023-01-23 01:21:29+00:00,confirmed,59,316,EUR
938,107,2023-05-25 17:39:44+00:00,confirmed,65,220,AUD
939,20,2025-01-30 02:19:48+00:00,cancelled,47,43,PEN
940,6,2022-10-28 12:50:30+00:00,fulfilled,11,14,NZD
941,139,2023-07-29 14:46:23+00:00,confirmed,19,284,AUD
942,168,2024-01-30 13:09:13+00:00,confirmed,12,334,USD
943,198,2025-07-16 09:42:35+00:00,confirmed,25,392,CAD
944,94,2023-09-03 14:51:52+00:00,confirmed,5,195,PLN
945,131,2022-11-19 01:53:34+00:00,confirmed,78,269,AED
946,53,2024-09-08 11:14:33+00:00,pending,43,111,ARS
947,138,2024-11-01 10:43:51+00:00,confirmed,28,283,EUR
948,200,2025-04-11 07:52:39+00:00,confirmed,76,395,EUR
949,97,2024-05-07 05:59:23+00:00,confirmed,12,201,BOB
950,118,2023-05-25 02:57:16+00:00,fulfilled,76,243,EUR
951,161,2024-11-13 10:07:38+00:00,fulfilled,12,322,PYG
952,174,2025-05-16 19:18:57+00:00,confirmed,42,347,CNY
953,82,2025-04-16 07:37:27+00:00,fulfilled,72,171,EUR
954,129,2024-11-26 08:39:30+00:00,fulfilled,11,266,EUR
955,84,2024-10-16 23:25:29+00:00,confirmed,56,174,PEN
956,65,2025-01-29 19:35:23+00:00,fulfilled,66,138,BOB
957,160,2025-09-04 13:41:19+00:00,fulfilled,79,319,EUR
958,205,2024-11-11 03:44:10+00:00,confirmed,68,404,AUD
959,211,2024-05-25 17:02:17+00:00,fulfilled,41,416,EUR
960,11,2024-11-09 09:01:34+00:00,fulfilled,40,26,USD
961,12,2023-10-22 21:57:22+00:00,confirmed,47,27,JPY
962,181,2023-10-24 09:50:46+00:00,fulfilled,49,362,BRL
963,1,2022-10-26 18:20:39+00:00,confirmed,75,1,COP
964,82,2024-07-30 18:16:39+00:00,fulfilled,40,171,EUR
965,65,2023-05-02 02:33:27+00:00,confirmed,50,139,BOB
966,35,2022-09-10 02:38:33+00:00,confirmed,64,74,CLP
967,181,2023-05-26 04:33:01+00:00,fulfilled,64,360,BRL
968,151,2023-03-25 02:18:42+00:00,returned,27,306,ARS
969,128,2024-09-02 10:35:22+00:00,confirmed,10,263,INR
970,196,2025-01-21 20:34:29+00:00,confirmed,43,386,EUR
971,205,2023-10-31 12:52:51+00:00,fulfilled,58,404,AUD
972,202,2022-09-23 20:14:51+00:00,confirmed,52,398,PEN
973,100,2023-04-22 16:39:32+00:00,returned,63,206,USD
974,175,2023-08-06 19:39:41+00:00,returned,46,349,EUR
975,89,2024-09-18 04:03:49+00:00,pending,63,185,ARS
976,155,2025-02-10 19:47:05+00:00,cancelled,3,313,COP
977,203,2024-10-22 14:52:14+00:00,pending,80,400,EUR
978,178,2024-11-09 06:15:29+00:00,fulfilled,55,354,CNY
979,125,2023-09-01 15:34:40+00:00,confirmed,77,256,EUR
980,182,2024-07-04 08:42:49+00:00,cancelled,80,363,BRL
981,147,2024-03-22 13:22:00+00:00,fulfilled,4,299,ZAR
982,197,2022-10-16 14:27:41+00:00,confirmed,37,391,AED
983,136,2023-07-02 13:42:00+00:00,cancelled,80,281,PYG
984,79,2025-07-15 16:30:02+00:00,confirmed,34,165,AED
985,187,2023-07-26 19:26:36+00:00,fulfilled,28,373,PYG
986,114,2024-06-27 18:22:35+00:00,fulfilled,67,234,AUD
987,173,2023-11-12 00:38:36+00:00,fulfilled,40,346,PLN
988,208,2025-02-16 10:04:24+00:00,returned,33,409,BRL
989,104,2025-03-31 13:44:35+00:00,confirmed,59,213,BOB
990,207,2025-09-05 16:19:28+00:00,fulfilled,45,408,CLP
991,18,2023-05-02 00:12:11+00:00,confirmed,46,40,EUR
992,66,2024-04-24 01:58:21+00:00,confirmed,72,140,ZAR
993,142,2023-07-12 21:38:31+00:00,fulfilled,61,290,COP
994,15,2022-11-21 00:01:54+00:00,confirmed,22,32,UYU
995,41,2023-08-27 01:04:38+00:00,confirmed,13,84,CNY
996,152,2022-11-03 18:05:46+00:00,confirmed,56,307,EUR
997,158,2025-01-13 01:39:21+00:00,confirmed,44,317,EUR
998,129,2022-11-08 14:50:10+00:00,pending,29,265,EUR
999,186,2023-02-22 07:26:58+00:00,fulfilled,67,372,UYU
1000,183,2023-06-12 00:39:02+00:00,confirmed,44,364,JPY
