payment_id,order_id,payment_date,amount_usd,method,status
1,2,2022-10-09 09:09:10+00:00,803.68,paypal,authorized
2,3,2024-01-01 18:32:49+00:00,769.3,paypal,authorized
3,4,2025-07-07 11:16:14+00:00,42.2,bank_transfer,captured
4,5,2024-02-02 13:23:17+00:00,820.58,bank_transfer,captured
5,6,2022-10-12 02:20:56+00:00,478.02,bank_transfer,authorized
6,6,2023-06-08 09:15:32+00:00,655.74,bank_transfer,captured
7,8,2022-10-07 10:48:01+00:00,1296.38,bank_transfer,authorized
8,10,2025-08-08 22:22:07+00:00,1002.33,cash_on_delivery,captured
9,11,2024-06-13 19:13:03+00:00,464.0,paypal,failed
10,12,2022-10-22 19:36:49+00:00,616.13,card,captured
11,13,2023-07-24 07:42:44+00:00,1748.17,bank_transfer,captured
12,14,2022-11-18 11:23:12+00:00,344.07,cash_on_delivery,captured
13,16,2025-08-31 23:20:10+00:00,335.32,bank_transfer,captured
14,17,2022-09-25 08:01:59+00:00,114.81,cash_on_delivery,captured
15,17,2024-02-14 00:48:42+00:00,81.4,paypal,refunded
16,18,2024-01-01 01:20:16+00:00,65.56,cash_on_delivery,captured
17,18,2023-04-14 08:14:34+00:00,140.17,card,authorized
18,19,2025-06-10 21:20:30+00:00,60.53,paypal,captured
19,20,2022-10-25 03:05:31+00:00,931.19,bank_transfer,failed
20,22,2023-10-25 13:10:19+00:00,1086.92,cash_on_delivery,refunded
21,23,2023-03-04 17:25:27+00:00,471.26,bank_transfer,authorized
22,24,2025-03-15 05:38:10+00:00,966.54,card,captured
23,25,2025-09-04 09:22:16+00:00,1707.13,cash_on_delivery,captured
24,27,2024-01-10 23:46:33+00:00,807.43,card,captured
25,28,2025-08-19 22:01:36+00:00,953.36,paypal,authorized
26,31,2023-06-24 04:23:40+00:00,158.0,bank_transfer,captured
27,31,2024-08-31 13:31:31+00:00,514.99,cash_on_delivery,captured
28,32,2024-12-22 13:49:40+00:00,529.16,card,authorized
29,33,2023-10-28 10:22:51+00:00,861.68,cash_on_delivery,captured
30,34,2023-06-22 07:45:23+00:00,1075.13,card,captured
31,35,2024-08-13 19:04:00+00:00,381.45,card,authorized
32,36,2023-02-06 11:45:22+00:00,625.31,cash_on_delivery,captured
33,37,2024-01-04 19:10:34+00:00,186.94,bank_transfer,captured
34,38,2025-08-20 10:42:16+00:00,27.68,cash_on_delivery,captured
35,41,2023-10-20 20:40:10+00:00,895.86,bank_transfer,captured
36,42,2024-05-19 17:42:22+00:00,1873.72,cash_on_delivery,refunded
37,44,2025-03-14 20:37:33+00:00,1591.15,cash_on_delivery,captured
38,45,2023-01-09 07:02:33+00:00,1020.0,bank_transfer,captured
39,46,2022-10-07 12:12:42+00:00,341.75,paypal,captured
40,47,2023-03-21 03:03:50+00:00,1185.03,card,captured
41,48,2024-09-30 17:32:37+00:00,1496.85,cash_on_delivery,captured
42,50,2023-10-31 12:22:47+00:00,877.29,card,captured
43,50,2023-11-24 14:11:13+00:00,7.5,paypal,failed
44,51,2025-07-03 08:09:00+00:00,687.29,paypal,refunded
45,52,2023-04-10 23:54:22+00:00,1058.76,cash_on_delivery,failed
46,53,2022-10-10 22:38:53+00:00,1028.78,paypal,captured
47,54,2022-12-25 18:32:30+00:00,1912.89,cash_on_delivery,captured
48,57,2025-08-30 17:11:43+00:00,265.25,cash_on_delivery,authorized
49,60,2023-05-24 09:57:07+00:00,12.82,card,failed
50,60,2022-12-19 22:18:31+00:00,136.05,bank_transfer,captured
51,61,2024-05-22 06:55:22+00:00,1236.38,bank_transfer,captured
52,62,2023-12-05 08:35:21+00:00,168.48,card,captured
53,63,2023-07-08 05:14:31+00:00,1337.1,card,captured
54,65,2024-04-25 00:48:33+00:00,1516.33,paypal,captured
55,66,2022-10-12 04:15:14+00:00,190.31,card,captured
56,67,2024-12-12 03:21:51+00:00,485.16,cash_on_delivery,captured
57,68,2024-03-06 03:59:31+00:00,1344.4,card,refunded
58,69,2025-07-29 20:05:10+00:00,442.68,card,captured
59,70,2023-06-29 19:01:15+00:00,33.09,bank_transfer,authorized
60,71,2023-09-11 16:08:00+00:00,1357.72,cash_on_delivery,failed
61,73,2023-11-04 15:21:12+00:00,626.74,card,failed
62,74,2024-06-16 07:35:00+00:00,1030.94,bank_transfer,captured
63,76,2024-07-19 02:03:53+00:00,197.0,cash_on_delivery,captured
64,77,2022-09-10 22:43:36+00:00,636.11,cash_on_delivery,authorized
65,78,2025-06-08 22:11:21+00:00,933.07,bank_transfer,captured
66,79,2025-03-07 00:48:47+00:00,514.88,paypal,captured
67,79,2024-08-05 23:33:29+00:00,11.76,bank_transfer,captured
68,80,2024-01-21 09:21:54+00:00,676.2,bank_transfer,captured
69,81,2025-04-16 04:21:40+00:00,282.11,bank_transfer,captured
70,82,2023-02-09 17:43:09+00:00,1030.95,bank_transfer,captured
71,82,2024-09-29 11:38:29+00:00,1811.83,card,captured
72,83,2023-06-06 19:22:16+00:00,294.69,cash_on_delivery,captured
73,84,2022-12-19 16:03:38+00:00,453.02,cash_on_delivery,captured
74,85,2022-09-18 01:06:15+00:00,270.5,bank_transfer,captured
75,86,2023-02-04 10:15:36+00:00,518.01,card,captured
76,87,2025-01-08 09:40:28+00:00,189.32,cash_on_delivery,captured
77,88,2023-08-27 02:40:35+00:00,921.43,card,captured
78,89,2025-01-03 06:24:24+00:00,757.46,card,captured
79,90,2023-10-13 09:59:44+00:00,208.35,cash_on_delivery,captured
80,92,2025-09-08 10:08:15+00:00,282.56,bank_transfer,captured
81,92,2023-09-26 18:54:42+00:00,641.89,card,captured
82,94,2023-09-26 12:46:42+00:00,407.52,cash_on_delivery,captured
83,95,2022-10-19 02:29:38+00:00,191.12,cash_on_delivery,failed
84,96,2023-09-26 13:56:54+00:00,113.64,card,refunded
85,97,2023-05-28 22:42:17+00:00,282.07,bank_transfer,authorized
86,98,2023-07-28 16:09:35+00:00,1189.91,cash_on_delivery,failed
87,99,2025-03-08 17:51:18+00:00,343.37,card,captured
88,100,2022-11-13 21:40:05+00:00,42.21,cash_on_delivery,authorized
89,101,2024-02-18 08:28:17+00:00,94.0,paypal,refunded
90,102,2025-08-24 16:22:37+00:00,387.07,card,captured
91,102,2023-07-21 21:32:32+00:00,985.73,paypal,captured
92,103,2024-04-10 03:17:10+00:00,238.84,cash_on_delivery,captured
93,104,2025-01-09 17:14:36+00:00,387.8,bank_transfer,captured
94,105,2023-07-03 16:39:19+00:00,427.7,bank_transfer,failed
95,105,2023-09-04 17:38:26+00:00,739.89,card,captured
96,106,2025-05-30 13:15:39+00:00,679.13,paypal,captured
97,106,2025-04-11 10:52:26+00:00,166.23,bank_transfer,failed
98,107,2024-02-24 10:46:16+00:00,479.76,bank_transfer,captured
99,107,2023-08-01 14:31:36+00:00,529.39,paypal,authorized
100,108,2025-04-21 21:18:55+00:00,1454.75,paypal,failed
101,109,2023-09-05 07:57:55+00:00,33.19,cash_on_delivery,captured
102,111,2025-07-02 04:35:09+00:00,478.14,card,captured
103,111,2025-01-10 04:10:01+00:00,393.74,card,captured
104,112,2024-05-09 06:14:20+00:00,446.86,bank_transfer,captured
105,112,2025-01-05 00:32:34+00:00,264.53,paypal,refunded
106,113,2023-03-05 21:02:46+00:00,1255.97,card,refunded
107,114,2023-02-23 06:27:32+00:00,45.57,cash_on_delivery,captured
108,114,2025-08-11 20:12:51+00:00,303.38,bank_transfer,captured
109,115,2025-07-22 04:05:19+00:00,999.79,bank_transfer,captured
110,116,2023-12-28 17:27:52+00:00,192.85,bank_transfer,captured
111,117,2023-12-19 17:20:30+00:00,261.93,paypal,captured
112,118,2022-12-31 18:17:14+00:00,29.24,card,captured
113,119,2025-04-13 07:43:06+00:00,1115.1,cash_on_delivery,authorized
114,120,2023-06-19 17:51:57+00:00,907.98,bank_transfer,captured
115,121,2025-01-13 14:21:31+00:00,855.09,paypal,failed
116,121,2025-07-10 22:20:08+00:00,250.18,bank_transfer,captured
117,122,2023-04-20 06:43:34+00:00,893.42,bank_transfer,authorized
118,123,2023-01-23 08:10:54+00:00,45.81,bank_transfer,captured
119,123,2024-05-29 17:49:09+00:00,224.09,paypal,captured
120,124,2023-08-04 20:45:41+00:00,963.79,cash_on_delivery,captured
121,125,2024-04-03 13:53:19+00:00,1021.77,bank_transfer,captured
122,126,2024-06-13 08:21:42+00:00,522.25,paypal,captured
123,127,2024-06-24 10:47:51+00:00,621.94,bank_transfer,captured
124,129,2022-11-18 06:56:53+00:00,1202.06,bank_transfer,captured
125,130,2025-03-16 10:14:32+00:00,838.71,card,failed
126,131,2023-08-28 11:14:59+00:00,482.09,bank_transfer,captured
127,132,2025-02-26 16:12:57+00:00,501.14,card,captured
128,133,2025-04-21 16:39:48+00:00,1093.42,bank_transfer,failed
129,134,2023-09-16 09:27:37+00:00,9.44,cash_on_delivery,captured
130,136,2025-05-19 10:38:02+00:00,681.67,bank_transfer,captured
131,137,2024-07-28 04:14:36+00:00,961.37,paypal,authorized
132,138,2023-07-06 13:50:30+00:00,181.5,card,captured
133,139,2023-07-25 09:36:35+00:00,621.03,cash_on_delivery,captured
134,140,2023-09-07 16:43:27+00:00,288.72,cash_on_delivery,captured
135,140,2023-10-13 22:00:31+00:00,172.07,card,failed
136,141,2024-10-16 06:33:55+00:00,711.04,card,captured
137,142,2023-08-04 22:23:24+00:00,1421.84,card,captured
138,143,2024-09-05 05:37:45+00:00,1306.44,paypal,authorized
139,144,2023-02-04 21:01:45+00:00,796.58,bank_transfer,authorized
140,145,2022-10-16 14:00:35+00:00,817.7,paypal,captured
141,146,2023-08-22 13:46:53+00:00,1107.99,bank_transfer,failed
142,147,2025-04-02 14:48:07+00:00,222.69,paypal,captured
143,148,2025-02-05 12:55:22+00:00,544.3,bank_transfer,captured
144,150,2023-08-06 15:18:01+00:00,890.99,bank_transfer,captured
145,151,2025-07-21 10:11:46+00:00,412.2,card,captured
146,152,2023-01-24 13:53:42+00:00,836.86,bank_transfer,captured
147,153,2024-09-22 07:07:14+00:00,484.64,cash_on_delivery,captured
148,154,2025-07-16 14:06:36+00:00,1449.37,cash_on_delivery,captured
149,156,2024-08-03 04:29:44+00:00,257.85,card,failed
150,157,2023-02-23 21:35:18+00:00,20.2,bank_transfer,captured
151,158,2024-10-25 00:10:19+00:00,134.15,paypal,captured
152,159,2023-06-25 06:30:01+00:00,606.38,cash_on_delivery,captured
153,159,2024-07-08 17:39:03+00:00,315.53,bank_transfer,authorized
154,165,2023-01-28 13:49:02+00:00,995.49,paypal,failed
155,165,2024-10-07 13:42:46+00:00,100.23,card,captured
156,166,2023-03-12 02:23:28+00:00,600.74,cash_on_delivery,captured
157,167,2024-08-11 17:33:34+00:00,145.68,paypal,captured
158,169,2025-05-15 05:30:44+00:00,1600.81,bank_transfer,captured
159,170,2024-10-10 12:37:50+00:00,722.93,card,captured
160,172,2023-06-12 10:35:26+00:00,416.71,paypal,captured
161,173,2024-06-02 14:59:45+00:00,35.11,cash_on_delivery,refunded
162,173,2024-01-16 14:03:16+00:00,254.77,card,authorized
163,174,2023-03-10 13:57:32+00:00,200.44,cash_on_delivery,captured
164,175,2023-03-02 00:34:09+00:00,393.91,cash_on_delivery,captured
165,176,2023-08-05 12:53:09+00:00,46.33,card,captured
166,176,2025-02-25 06:22:11+00:00,38.19,card,authorized
167,178,2024-06-16 19:19:06+00:00,731.09,bank_transfer,authorized
168,179,2025-08-02 07:12:39+00:00,545.05,bank_transfer,failed
169,180,2023-04-29 05:24:22+00:00,296.52,cash_on_delivery,captured
170,180,2023-09-09 22:25:45+00:00,189.16,paypal,authorized
171,181,2025-06-11 23:22:47+00:00,1562.89,bank_transfer,captured
172,182,2023-10-03 14:36:32+00:00,942.52,paypal,captured
173,183,2024-09-26 17:04:55+00:00,1343.4,card,captured
174,184,2023-01-08 17:08:06+00:00,1078.19,card,captured
175,185,2022-12-18 19:58:04+00:00,123.15,card,captured
176,186,2024-02-21 18:32:22+00:00,545.95,cash_on_delivery,captured
177,188,2025-08-20 04:59:14+00:00,1595.03,cash_on_delivery,captured
178,190,2025-07-08 00:24:28+00:00,970.82,paypal,failed
179,192,2022-12-15 14:24:59+00:00,150.25,bank_transfer,authorized
180,193,2022-10-17 16:01:57+00:00,1260.14,cash_on_delivery,authorized
181,194,2023-06-11 17:17:14+00:00,1028.65,bank_transfer,captured
182,195,2024-07-11 01:39:36+00:00,42.21,bank_transfer,captured
183,195,2023-10-17 04:00:09+00:00,244.01,card,captured
184,196,2023-02-13 19:44:35+00:00,36.94,cash_on_delivery,captured
185,197,2023-12-14 23:40:35+00:00,606.94,card,captured
186,198,2025-06-20 08:39:35+00:00,2710.63,bank_transfer,captured
187,199,2024-02-11 00:52:06+00:00,41.26,paypal,captured
188,200,2023-09-17 00:28:11+00:00,156.15,card,captured
189,201,2023-08-18 05:16:07+00:00,942.54,bank_transfer,captured
190,202,2025-04-14 19:29:22+00:00,311.66,bank_transfer,captured
191,204,2023-05-25 22:31:32+00:00,68.86,card,captured
192,205,2024-07-09 13:47:08+00:00,1730.16,cash_on_delivery,authorized
193,206,2024-03-09 23:27:10+00:00,1692.32,bank_transfer,captured
194,207,2022-09-12 15:50:02+00:00,51.2,paypal,captured
195,208,2025-01-21 06:05:26+00:00,20.35,paypal,captured
196,208,2024-12-08 18:36:38+00:00,500.63,card,captured
197,210,2023-02-19 18:41:26+00:00,873.88,paypal,captured
198,211,2025-06-17 09:54:34+00:00,1067.46,bank_transfer,captured
199,213,2023-09-06 08:11:32+00:00,322.73,paypal,captured
200,215,2025-07-26 13:15:16+00:00,88.99,bank_transfer,failed
201,215,2024-07-11 03:54:48+00:00,468.96,paypal,captured
202,217,2023-06-02 22:31:20+00:00,331.24,card,captured
203,218,2024-01-22 00:18:40+00:00,1003.96,bank_transfer,authorized
204,220,2024-03-30 08:50:16+00:00,751.23,paypal,failed
205,221,2024-01-25 08:28:26+00:00,285.21,cash_on_delivery,refunded
206,222,2024-01-30 17:50:35+00:00,659.55,paypal,captured
207,223,2023-07-27 17:50:42+00:00,71.1,card,captured
208,223,2023-02-19 18:21:35+00:00,259.5,paypal,captured
209,224,2023-11-29 04:02:59+00:00,49.8,card,captured
210,224,2023-08-16 13:30:17+00:00,160.46,cash_on_delivery,captured
211,225,2024-12-02 19:20:22+00:00,177.28,bank_transfer,failed
212,228,2025-07-08 13:01:51+00:00,1315.73,cash_on_delivery,captured
213,229,2024-07-28 20:56:22+00:00,585.21,paypal,captured
214,230,2024-06-13 17:57:58+00:00,387.06,cash_on_delivery,captured
215,231,2024-06-02 22:50:37+00:00,381.68,cash_on_delivery,captured
216,231,2023-08-02 14:51:51+00:00,53.3,bank_transfer,captured
217,233,2025-07-16 13:13:12+00:00,860.73,card,captured
218,234,2025-06-22 22:29:53+00:00,382.54,card,captured
219,235,2025-03-20 08:31:42+00:00,986.91,bank_transfer,captured
220,237,2023-12-27 15:57:56+00:00,742.12,bank_transfer,captured
221,239,2025-07-24 02:08:44+00:00,241.82,bank_transfer,captured
222,240,2024-06-21 08:04:35+00:00,585.79,card,captured
223,242,2023-11-05 23:43:43+00:00,1077.52,card,authorized
224,243,2025-02-25 12:03:41+00:00,932.28,paypal,captured
225,247,2023-04-11 01:27:51+00:00,754.59,cash_on_delivery,captured
226,249,2022-12-12 06:04:27+00:00,1930.97,card,captured
227,250,2022-12-20 00:37:34+00:00,30.97,card,authorized
228,250,2022-10-11 04:07:25+00:00,41.87,bank_transfer,captured
229,251,2024-01-16 01:17:54+00:00,715.56,bank_transfer,failed
230,252,2024-10-13 04:47:30+00:00,95.68,card,refunded
231,253,2024-10-28 09:08:44+00:00,878.06,card,captured
232,254,2024-11-10 15:55:30+00:00,50.62,card,captured
233,255,2025-06-22 18:01:22+00:00,51.22,paypal,captured
234,258,2024-10-19 19:04:08+00:00,1215.57,bank_transfer,captured
235,259,2023-01-07 02:36:08+00:00,975.05,bank_transfer,authorized
236,260,2024-01-16 09:48:23+00:00,1138.06,paypal,captured
237,261,2023-09-06 14:22:26+00:00,323.27,cash_on_delivery,authorized
238,261,2025-01-14 07:56:49+00:00,576.68,bank_transfer,captured
239,262,2024-06-05 12:25:01+00:00,284.23,card,captured
240,263,2024-08-17 21:09:05+00:00,515.36,paypal,failed
241,264,2023-06-24 10:26:17+00:00,1510.91,card,captured
242,265,2023-07-11 08:59:09+00:00,253.14,cash_on_delivery,captured
243,265,2024-06-12 06:47:18+00:00,803.33,card,authorized
244,266,2022-11-15 10:29:50+00:00,805.32,card,captured
245,267,2023-09-05 00:24:07+00:00,476.16,cash_on_delivery,captured
246,268,2023-07-13 09:38:03+00:00,1147.34,card,captured
247,269,2024-04-02 14:37:03+00:00,32.89,paypal,authorized
248,271,2023-09-22 20:41:14+00:00,567.07,bank_transfer,captured
249,273,2023-08-19 10:47:34+00:00,846.68,card,captured
250,275,2024-02-20 14:57:43+00:00,1167.77,paypal,authorized
251,276,2024-07-03 06:56:20+00:00,251.88,cash_on_delivery,authorized
252,277,2024-04-04 17:22:06+00:00,748.72,card,captured
253,278,2023-07-06 13:39:17+00:00,1032.89,card,authorized
254,279,2024-03-22 06:31:54+00:00,1190.94,bank_transfer,captured
255,281,2024-09-15 21:37:14+00:00,86.29,bank_transfer,captured
256,281,2025-01-12 21:22:35+00:00,516.99,card,authorized
257,282,2024-05-09 16:15:03+00:00,57.78,bank_transfer,captured
258,282,2023-06-30 18:53:01+00:00,99.77,card,captured
259,283,2023-02-19 23:42:47+00:00,173.65,paypal,failed
260,284,2023-03-01 05:24:57+00:00,1137.35,cash_on_delivery,captured
261,285,2025-02-13 09:33:06+00:00,39.42,cash_on_delivery,captured
262,286,2022-11-25 15:22:33+00:00,1110.71,cash_on_delivery,captured
263,287,2024-04-04 18:06:00+00:00,142.12,bank_transfer,captured
264,288,2025-02-04 03:56:33+00:00,994.16,paypal,failed
265,290,2023-05-30 16:05:24+00:00,664.0,paypal,captured
266,291,2023-02-26 00:40:51+00:00,879.86,card,failed
267,292,2023-04-26 22:26:31+00:00,603.45,cash_on_delivery,authorized
268,293,2024-10-08 03:08:06+00:00,276.1,bank_transfer,authorized
269,294,2025-05-11 14:42:32+00:00,592.77,card,failed
270,295,2025-02-14 13:36:38+00:00,5.81,bank_transfer,captured
271,295,2025-01-10 02:59:48+00:00,105.99,card,captured
272,296,2023-02-03 11:50:52+00:00,164.49,paypal,failed
273,297,2025-03-07 18:12:48+00:00,863.31,paypal,captured
274,298,2023-01-08 13:34:17+00:00,677.68,bank_transfer,captured
275,299,2025-01-07 03:52:07+00:00,1099.0,cash_on_delivery,captured
276,299,2024-02-16 09:24:20+00:00,299.33,cash_on_delivery,failed
277,300,2025-08-10 04:09:22+00:00,98.08,bank_transfer,failed
278,301,2025-01-16 07:40:00+00:00,370.61,card,captured
279,302,2023-01-24 03:21:49+00:00,95.66,card,authorized
280,303,2023-01-11 05:19:03+00:00,335.96,card,failed
281,303,2024-10-15 15:12:49+00:00,1492.07,cash_on_delivery,authorized
282,304,2023-04-12 13:11:11+00:00,240.65,bank_transfer,captured
283,305,2025-06-29 00:49:53+00:00,58.24,bank_transfer,captured
284,307,2022-09-17 13:22:40+00:00,59.19,card,failed
285,307,2025-08-25 20:19:09+00:00,64.91,paypal,captured
286,308,2023-06-27 13:05:25+00:00,1790.28,paypal,captured
287,309,2025-06-28 09:33:09+00:00,1798.78,card,authorized
288,310,2024-07-11 16:37:37+00:00,681.89,card,refunded
289,311,2024-07-09 07:59:30+00:00,834.08,bank_transfer,captured
290,311,2024-01-24 02:56:28+00:00,228.33,cash_on_delivery,captured
291,314,2024-06-02 20:07:23+00:00,829.82,bank_transfer,authorized
292,315,2022-12-02 00:59:29+00:00,279.02,cash_on_delivery,captured
293,316,2024-01-31 08:45:25+00:00,29.28,bank_transfer,captured
294,318,2023-10-27 03:59:50+00:00,8.86,card,captured
295,318,2023-11-21 02:57:21+00:00,7.9,bank_transfer,authorized
296,319,2025-06-28 00:42:09+00:00,40.22,cash_on_delivery,captured
297,319,2023-02-14 02:35:24+00:00,4.51,cash_on_delivery,authorized
298,320,2022-09-29 17:29:45+00:00,890.76,card,failed
299,321,2024-02-20 11:29:21+00:00,1116.18,card,authorized
300,324,2024-04-23 08:16:20+00:00,128.8,paypal,authorized
301,325,2023-02-05 21:41:06+00:00,435.47,bank_transfer,authorized
302,327,2025-04-06 10:27:15+00:00,788.73,bank_transfer,authorized
303,330,2024-11-27 22:11:20+00:00,308.62,cash_on_delivery,captured
304,332,2023-11-30 00:04:13+00:00,1408.3,paypal,captured
305,333,2023-04-18 08:41:08+00:00,90.94,paypal,captured
306,333,2023-06-16 01:28:30+00:00,63.25,card,failed
307,334,2025-04-15 02:37:24+00:00,437.57,card,failed
308,335,2024-06-19 17:24:53+00:00,1260.05,bank_transfer,captured
309,336,2024-04-02 00:51:45+00:00,75.08,cash_on_delivery,captured
310,336,2024-11-14 14:34:39+00:00,1252.92,cash_on_delivery,captured
311,337,2024-06-28 04:45:16+00:00,258.75,card,authorized
312,338,2024-10-11 17:57:02+00:00,493.91,card,failed
313,338,2025-02-01 07:13:39+00:00,20.14,paypal,captured
314,339,2024-01-31 23:23:03+00:00,1292.32,bank_transfer,captured
315,340,2023-10-07 03:10:50+00:00,838.36,cash_on_delivery,captured
316,341,2023-10-13 13:59:26+00:00,337.01,cash_on_delivery,authorized
317,342,2025-06-12 18:45:40+00:00,454.5,bank_transfer,captured
318,344,2023-12-01 17:11:56+00:00,749.56,paypal,captured
319,346,2022-09-21 21:57:35+00:00,652.97,card,captured
320,347,2023-12-13 08:01:29+00:00,718.94,cash_on_delivery,failed
321,348,2023-11-06 12:57:03+00:00,262.66,cash_on_delivery,failed
322,350,2023-10-05 14:55:21+00:00,1126.87,cash_on_delivery,captured
323,351,2023-12-14 18:14:10+00:00,1070.02,card,captured
324,354,2025-07-28 18:16:40+00:00,1752.89,bank_transfer,authorized
325,355,2024-11-21 06:15:44+00:00,294.1,cash_on_delivery,captured
326,356,2023-08-20 07:27:40+00:00,1264.2,bank_transfer,authorized
327,357,2024-12-08 22:38:14+00:00,1542.55,cash_on_delivery,captured
328,357,2023-06-07 07:48:16+00:00,431.82,bank_transfer,failed
329,359,2023-11-04 19:36:43+00:00,601.4,card,captured
330,360,2022-11-01 05:24:16+00:00,3.28,paypal,captured
331,360,2023-06-01 23:30:44+00:00,118.48,paypal,captured
332,362,2023-05-28 16:06:00+00:00,1242.29,bank_transfer,authorized
333,363,2023-07-07 04:19:15+00:00,899.32,paypal,captured
334,364,2024-06-23 05:03:36+00:00,1250.17,cash_on_delivery,captured
335,367,2024-01-13 11:34:53+00:00,566.82,bank_transfer,failed
336,367,2023-08-16 12:08:17+00:00,164.23,paypal,authorized
337,369,2025-08-30 00:17:43+00:00,709.47,paypal,captured
338,370,2025-02-22 23:26:28+00:00,862.0,card,captured
339,371,2023-11-13 22:03:10+00:00,251.49,cash_on_delivery,captured
340,373,2025-02-18 02:20:49+00:00,537.11,cash_on_delivery,authorized
341,374,2024-06-06 05:00:06+00:00,32.74,cash_on_delivery,captured
342,374,2025-09-01 10:18:55+00:00,172.25,bank_transfer,captured
343,376,2025-02-03 17:56:16+00:00,917.73,cash_on_delivery,captured
344,376,2025-06-06 07:11:34+00:00,597.24,paypal,captured
345,377,2024-10-04 23:39:33+00:00,935.28,bank_transfer,captured
346,378,2023-04-13 08:02:49+00:00,576.0,bank_transfer,captured
347,379,2025-08-09 00:56:45+00:00,1152.24,paypal,failed
348,380,2025-01-17 15:03:03+00:00,173.36,bank_transfer,captured
349,381,2023-08-07 01:03:48+00:00,1208.22,paypal,authorized
350,382,2023-08-15 18:16:39+00:00,302.75,card,authorized
351,382,2025-03-24 16:26:50+00:00,493.05,paypal,captured
352,383,2024-09-29 05:58:15+00:00,108.94,card,failed
353,384,2022-12-22 22:50:43+00:00,419.53,paypal,authorized
354,385,2024-02-04 12:29:33+00:00,2175.12,card,captured
355,386,2025-02-10 14:02:27+00:00,101.88,card,captured
356,387,2025-05-31 02:58:40+00:00,1977.97,cash_on_delivery,captured
357,388,2024-06-30 21:34:01+00:00,1724.56,paypal,authorized
358,389,2025-06-09 18:08:22+00:00,47.02,cash_on_delivery,captured
359,390,2022-12-24 14:49:58+00:00,27.02,paypal,captured
360,391,2024-10-11 02:16:44+00:00,162.57,cash_on_delivery,captured
361,391,2023-06-11 15:20:54+00:00,78.94,card,refunded
362,392,2025-05-19 21:26:52+00:00,596.01,cash_on_delivery,captured
363,392,2025-03-04 18:51:27+00:00,890.57,bank_transfer,failed
364,394,2023-01-16 10:56:23+00:00,726.95,bank_transfer,failed
365,395,2024-05-13 12:55:17+00:00,131.92,bank_transfer,authorized
366,397,2023-08-13 02:57:05+00:00,814.18,bank_transfer,failed
367,398,2023-09-04 11:28:02+00:00,881.73,cash_on_delivery,refunded
368,399,2022-09-20 17:35:20+00:00,288.85,card,failed
369,399,2023-11-13 08:52:39+00:00,259.91,paypal,captured
370,400,2022-09-14 06:06:11+00:00,471.25,bank_transfer,captured
371,404,2023-03-14 13:03:21+00:00,857.6,cash_on_delivery,captured
372,405,2025-07-06 22:02:18+00:00,1023.6,cash_on_delivery,refunded
373,406,2023-06-07 08:07:47+00:00,760.02,bank_transfer,captured
374,407,2022-10-16 19:58:31+00:00,122.21,card,captured
375,407,2023-07-10 01:59:16+00:00,359.42,paypal,authorized
376,411,2024-11-25 12:00:04+00:00,575.26,bank_transfer,authorized
377,412,2025-09-01 02:55:16+00:00,336.32,cash_on_delivery,failed
378,414,2024-06-26 21:26:28+00:00,874.3,card,captured
379,415,2023-11-06 08:52:42+00:00,273.43,card,failed
380,416,2023-10-25 21:51:37+00:00,445.89,card,captured
381,419,2024-08-19 02:00:45+00:00,442.82,card,authorized
382,419,2024-11-14 08:15:50+00:00,186.42,card,captured
383,420,2025-07-07 21:47:54+00:00,953.39,card,captured
384,421,2024-02-02 03:47:15+00:00,83.62,cash_on_delivery,captured
385,421,2023-04-30 02:12:10+00:00,245.13,cash_on_delivery,authorized
386,422,2023-06-04 01:55:29+00:00,202.14,paypal,captured
387,422,2022-12-12 14:03:24+00:00,121.01,card,failed
388,423,2023-08-05 16:35:57+00:00,112.73,card,captured
389,423,2024-07-08 17:34:48+00:00,50.17,card,captured
390,424,2024-09-03 01:56:47+00:00,81.55,paypal,captured
391,425,2024-11-18 20:27:31+00:00,246.86,paypal,captured
392,426,2023-01-12 02:32:27+00:00,742.94,paypal,captured
393,428,2023-03-01 18:14:27+00:00,334.1,paypal,captured
394,429,2023-12-23 19:23:57+00:00,942.78,card,captured
395,430,2024-11-22 01:54:15+00:00,74.0,cash_on_delivery,captured
396,431,2025-01-31 07:08:06+00:00,126.92,card,captured
397,434,2024-01-23 06:39:05+00:00,645.33,bank_transfer,captured
398,434,2024-06-18 13:49:34+00:00,384.87,cash_on_delivery,captured
399,435,2025-01-19 17:37:21+00:00,669.68,bank_transfer,captured
400,436,2023-01-07 22:12:31+00:00,267.36,bank_transfer,captured
401,437,2023-09-01 15:01:41+00:00,873.51,bank_transfer,captured
402,438,2024-12-06 08:07:15+00:00,1380.22,bank_transfer,captured
403,439,2022-09-22 10:38:45+00:00,43.2,card,captured
404,440,2025-02-12 20:03:29+00:00,1598.12,cash_on_delivery,captured
405,441,2025-07-07 23:35:17+00:00,274.8,cash_on_delivery,refunded
406,441,2024-09-28 05:07:13+00:00,828.49,cash_on_delivery,authorized
407,442,2025-02-09 22:19:32+00:00,1553.08,bank_transfer,captured
408,443,2023-12-15 04:22:27+00:00,1251.11,bank_transfer,authorized
409,444,2024-05-05 18:45:46+00:00,235.8,cash_on_delivery,captured
410,444,2023-10-30 03:16:08+00:00,701.56,cash_on_delivery,captured
411,445,2022-11-05 18:48:21+00:00,987.8,card,captured
412,446,2023-08-23 19:29:15+00:00,189.18,paypal,authorized
413,447,2022-09-09 23:58:48+00:00,279.1,paypal,captured
414,447,2024-11-05 13:52:36+00:00,449.43,paypal,authorized
415,448,2023-08-19 19:45:17+00:00,1015.8,bank_transfer,captured
416,449,2023-12-02 11:07:20+00:00,1482.76,card,failed
417,451,2022-12-19 03:00:26+00:00,586.29,cash_on_delivery,captured
418,452,2023-01-27 18:09:32+00:00,458.71,paypal,captured
419,453,2024-07-01 06:59:49+00:00,611.25,cash_on_delivery,captured
420,454,2025-04-26 22:40:21+00:00,458.96,bank_transfer,captured
421,455,2024-07-08 15:40:24+00:00,265.55,cash_on_delivery,captured
422,456,2022-12-15 20:49:34+00:00,165.03,bank_transfer,captured
423,456,2025-02-28 15:15:12+00:00,739.26,cash_on_delivery,refunded
424,457,2025-05-26 16:12:28+00:00,400.27,paypal,captured
425,458,2023-02-27 17:52:18+00:00,2674.58,paypal,captured
426,459,2024-03-04 03:58:46+00:00,911.9,paypal,captured
427,460,2023-09-07 11:09:19+00:00,794.07,paypal,captured
428,462,2024-03-06 07:16:24+00:00,1136.83,bank_transfer,authorized
429,463,2025-02-14 15:05:49+00:00,151.34,bank_transfer,authorized
430,464,2024-06-02 07:36:02+00:00,1605.23,bank_transfer,authorized
431,465,2022-09-29 11:29:03+00:00,393.23,bank_transfer,authorized
432,466,2025-03-01 19:26:14+00:00,220.14,paypal,captured
433,467,2023-10-15 17:05:34+00:00,18.72,bank_transfer,captured
434,467,2024-11-02 13:34:02+00:00,756.16,card,captured
435,468,2025-03-11 23:47:20+00:00,103.46,card,captured
436,469,2024-12-28 16:12:49+00:00,79.94,cash_on_delivery,captured
437,470,2022-12-12 03:16:35+00:00,68.63,cash_on_delivery,captured
438,471,2023-03-04 06:20:26+00:00,992.15,paypal,authorized
439,471,2024-06-19 06:32:57+00:00,7.96,cash_on_delivery,captured
440,472,2024-11-17 21:06:29+00:00,209.99,cash_on_delivery,captured
441,473,2025-04-30 13:43:35+00:00,759.67,card,captured
442,474,2025-03-01 07:57:30+00:00,693.28,cash_on_delivery,authorized
443,475,2023-11-30 12:57:28+00:00,867.0,card,refunded
444,476,2025-07-01 16:00:08+00:00,464.36,card,captured
445,477,2025-07-30 11:33:49+00:00,143.34,bank_transfer,authorized
446,478,2023-03-16 22:14:33+00:00,1220.02,paypal,authorized
447,479,2023-12-24 01:52:14+00:00,998.22,paypal,captured
448,482,2024-02-08 11:40:01+00:00,406.78,card,captured
449,483,2022-09-17 09:21:11+00:00,1404.3,paypal,authorized
450,483,2022-11-05 16:43:02+00:00,393.37,paypal,captured
451,484,2022-11-28 09:00:58+00:00,244.73,bank_transfer,captured
452,487,2024-12-12 15:07:48+00:00,319.24,cash_on_delivery,captured
453,490,2025-02-06 15:44:08+00:00,2263.94,paypal,failed
454,491,2022-12-07 05:08:18+00:00,726.08,paypal,captured
455,492,2023-06-19 00:22:45+00:00,1218.16,bank_transfer,failed
456,493,2024-09-07 06:02:52+00:00,455.71,paypal,captured
457,495,2023-11-24 01:37:53+00:00,624.04,paypal,captured
458,496,2025-05-22 03:09:32+00:00,42.56,paypal,captured
459,497,2023-02-18 16:05:38+00:00,894.32,bank_transfer,captured
460,497,2023-01-12 12:41:59+00:00,703.49,bank_transfer,captured
461,498,2024-06-08 11:56:43+00:00,787.68,card,captured
462,499,2025-08-25 17:58:52+00:00,597.44,bank_transfer,captured
463,502,2023-03-30 08:27:38+00:00,541.47,card,captured
464,502,2023-02-20 18:59:03+00:00,485.53,card,captured
465,503,2024-12-06 22:27:56+00:00,1155.22,card,authorized
466,504,2024-10-08 21:17:20+00:00,883.51,bank_transfer,refunded
467,505,2025-03-14 03:31:06+00:00,1365.14,cash_on_delivery,captured
468,505,2023-01-12 05:31:40+00:00,7.77,bank_transfer,captured
469,506,2024-02-01 00:22:36+00:00,352.98,paypal,captured
470,506,2025-04-07 20:09:47+00:00,209.24,card,captured
471,507,2024-12-27 12:11:41+00:00,1402.1,cash_on_delivery,captured
472,510,2023-06-09 00:31:47+00:00,129.47,card,captured
473,510,2025-06-22 08:52:07+00:00,331.21,paypal,captured
474,512,2024-10-12 06:59:34+00:00,12.54,cash_on_delivery,captured
475,512,2025-09-05 07:05:56+00:00,821.82,card,captured
476,514,2023-12-02 22:18:02+00:00,426.76,card,captured
477,515,2022-11-04 23:36:56+00:00,1048.95,cash_on_delivery,captured
478,516,2025-04-23 21:26:35+00:00,1139.68,paypal,captured
479,518,2023-11-05 17:56:20+00:00,1158.49,paypal,captured
480,519,2024-05-03 05:31:08+00:00,245.76,paypal,captured
481,520,2022-10-24 11:03:47+00:00,796.77,card,failed
482,520,2023-09-21 15:15:57+00:00,452.87,bank_transfer,captured
483,523,2024-10-12 22:03:38+00:00,1702.71,paypal,captured
484,524,2024-06-22 09:37:56+00:00,153.49,paypal,captured
485,525,2024-04-18 07:56:01+00:00,116.83,paypal,authorized
486,525,2024-09-14 03:44:21+00:00,138.17,bank_transfer,captured
487,526,2023-08-18 19:21:22+00:00,134.96,paypal,captured
488,528,2025-01-06 11:04:31+00:00,9.92,cash_on_delivery,captured
489,530,2025-06-07 02:07:13+00:00,803.02,card,captured
490,530,2024-07-11 23:02:08+00:00,520.23,cash_on_delivery,captured
491,531,2025-03-17 05:37:41+00:00,294.41,bank_transfer,captured
492,532,2023-11-10 14:45:35+00:00,1185.01,bank_transfer,captured
493,533,2022-09-20 06:53:31+00:00,2473.92,paypal,captured
494,534,2025-05-07 07:35:50+00:00,570.89,paypal,captured
495,535,2024-03-29 01:43:46+00:00,2318.36,paypal,captured
496,536,2023-06-23 18:26:41+00:00,501.46,paypal,failed
497,537,2024-07-29 05:07:20+00:00,696.51,cash_on_delivery,captured
498,538,2023-08-09 06:34:41+00:00,1775.12,cash_on_delivery,captured
499,539,2024-08-14 05:30:37+00:00,881.46,card,captured
500,541,2025-07-29 15:43:57+00:00,747.39,card,captured
501,541,2024-11-07 00:48:15+00:00,1112.96,paypal,refunded
502,542,2022-12-13 07:24:13+00:00,947.87,card,authorized
503,543,2024-11-21 19:46:23+00:00,265.2,paypal,captured
504,544,2024-06-25 21:51:09+00:00,1187.74,bank_transfer,captured
505,545,2022-09-11 11:38:27+00:00,250.34,paypal,authorized
506,546,2023-11-17 21:24:09+00:00,73.24,cash_on_delivery,captured
507,548,2024-06-11 11:25:35+00:00,597.03,bank_transfer,captured
508,549,2025-01-14 05:33:15+00:00,86.7,cash_on_delivery,captured
509,550,2024-12-02 23:36:19+00:00,522.93,card,captured
510,551,2024-10-16 22:38:48+00:00,10.18,bank_transfer,captured
511,551,2023-12-25 07:24:32+00:00,43.8,bank_transfer,captured
512,552,2024-06-12 09:30:35+00:00,480.52,card,authorized
513,553,2022-09-22 03:45:32+00:00,217.07,bank_transfer,captured
514,553,2023-02-14 06:23:30+00:00,637.57,card,captured
515,554,2024-07-24 04:44:23+00:00,1600.21,paypal,captured
516,556,2025-07-04 19:03:41+00:00,424.88,cash_on_delivery,failed
517,558,2025-04-06 22:16:47+00:00,376.42,cash_on_delivery,captured
518,558,2023-09-27 21:48:18+00:00,862.37,bank_transfer,captured
519,560,2024-03-25 10:53:01+00:00,315.76,card,authorized
520,562,2024-11-26 11:16:59+00:00,1771.18,card,captured
521,563,2025-01-13 12:27:02+00:00,59.26,cash_on_delivery,captured
522,564,2023-02-21 03:47:39+00:00,270.99,paypal,captured
523,565,2023-02-07 18:49:13+00:00,1054.9,card,refunded
524,566,2023-03-27 04:40:51+00:00,48.62,paypal,captured
525,567,2025-07-28 02:46:59+00:00,434.23,paypal,captured
526,568,2023-07-15 02:38:34+00:00,458.21,cash_on_delivery,captured
527,569,2023-05-08 23:32:01+00:00,545.47,paypal,captured
528,570,2024-06-01 10:32:01+00:00,85.78,cash_on_delivery,captured
529,571,2024-07-10 11:18:33+00:00,64.23,cash_on_delivery,captured
530,571,2024-03-08 18:02:09+00:00,1064.69,paypal,failed
531,572,2024-11-20 21:24:02+00:00,1384.6,bank_transfer,captured
532,573,2024-10-09 04:07:49+00:00,1649.76,cash_on_delivery,failed
533,574,2023-05-19 12:18:47+00:00,48.29,bank_transfer,captured
534,575,2023-12-05 22:45:37+00:00,201.62,bank_transfer,captured
535,575,2023-05-06 07:17:31+00:00,41.66,cash_on_delivery,captured
536,576,2025-05-29 19:41:39+00:00,110.26,cash_on_delivery,authorized
537,577,2023-11-29 19:22:25+00:00,559.97,bank_transfer,failed
538,579,2023-01-08 06:49:59+00:00,312.88,bank_transfer,captured
539,580,2022-10-03 01:37:25+00:00,90.41,card,captured
540,581,2023-05-02 21:30:08+00:00,746.14,card,captured
541,584,2024-01-23 02:08:39+00:00,194.95,paypal,captured
542,584,2023-05-15 01:45:56+00:00,1020.22,bank_transfer,captured
543,585,2025-04-13 20:09:26+00:00,339.57,card,captured
544,587,2023-04-01 03:57:20+00:00,757.66,bank_transfer,failed
545,589,2025-08-01 14:59:08+00:00,357.83,cash_on_delivery,captured
546,590,2023-04-06 12:56:51+00:00,726.5,cash_on_delivery,authorized
547,591,2023-08-20 12:04:03+00:00,214.25,cash_on_delivery,captured
548,592,2022-09-15 07:41:30+00:00,125.38,bank_transfer,captured
549,592,2025-01-11 11:33:06+00:00,89.6,card,captured
550,593,2025-04-22 09:09:46+00:00,98.52,bank_transfer,captured
551,595,2023-02-10 17:08:26+00:00,557.79,bank_transfer,captured
552,596,2022-11-26 11:30:50+00:00,376.14,cash_on_delivery,captured
553,598,2023-09-29 18:43:16+00:00,70.99,paypal,failed
554,598,2023-09-27 19:22:39+00:00,673.51,cash_on_delivery,captured
555,600,2023-10-16 21:07:05+00:00,317.68,paypal,authorized
556,600,2022-12-31 11:58:37+00:00,789.48,card,captured
557,601,2023-09-25 11:35:46+00:00,1787.53,paypal,captured
558,602,2025-05-01 04:33:33+00:00,140.59,cash_on_delivery,failed
559,603,2024-06-24 05:03:12+00:00,295.2,card,captured
560,604,2023-06-10 05:34:31+00:00,209.31,card,failed
561,605,2025-09-02 23:24:39+00:00,211.05,card,captured
562,606,2024-10-11 04:09:33+00:00,163.82,bank_transfer,captured
563,607,2024-12-15 05:48:03+00:00,739.74,paypal,captured
564,608,2025-08-28 18:09:30+00:00,1224.9,paypal,captured
565,609,2022-12-11 22:11:33+00:00,1609.53,card,captured
566,610,2025-08-06 02:09:26+00:00,1528.89,card,captured
567,611,2024-10-04 13:24:28+00:00,233.1,paypal,captured
568,611,2024-08-10 10:58:54+00:00,503.16,paypal,captured
569,615,2023-11-26 14:35:24+00:00,852.63,card,authorized
570,616,2023-10-11 10:58:21+00:00,19.38,paypal,captured
571,616,2025-09-08 17:23:11+00:00,202.11,card,failed
572,617,2022-12-18 13:29:04+00:00,1176.72,cash_on_delivery,captured
573,619,2024-07-24 15:01:44+00:00,654.34,paypal,captured
574,620,2024-08-25 16:23:40+00:00,1696.82,card,captured
575,621,2023-05-23 15:21:13+00:00,754.58,bank_transfer,failed
576,622,2024-07-22 12:03:44+00:00,243.85,cash_on_delivery,captured
577,624,2025-08-18 07:44:58+00:00,1767.14,cash_on_delivery,captured
578,625,2024-12-30 08:18:14+00:00,755.96,card,authorized
579,626,2023-11-18 13:24:54+00:00,257.62,card,captured
580,627,2025-04-04 17:48:59+00:00,542.39,cash_on_delivery,authorized
581,628,2023-03-29 16:31:42+00:00,28.8,bank_transfer,captured
582,629,2025-02-05 14:28:48+00:00,1144.28,paypal,captured
583,630,2023-06-29 22:22:43+00:00,440.04,paypal,captured
584,631,2025-02-16 22:19:03+00:00,139.9,cash_on_delivery,captured
585,632,2023-11-16 10:25:37+00:00,19.94,card,authorized
586,632,2024-06-06 15:41:36+00:00,73.16,bank_transfer,captured
587,634,2025-03-17 03:21:39+00:00,440.61,cash_on_delivery,captured
588,635,2025-08-19 09:40:22+00:00,878.99,paypal,authorized
589,637,2023-11-16 02:50:04+00:00,1854.09,card,captured
590,638,2025-08-29 07:16:08+00:00,1175.77,card,captured
591,639,2024-06-24 11:04:16+00:00,720.77,paypal,captured
592,640,2023-02-11 02:50:42+00:00,564.98,card,captured
593,642,2024-03-14 08:43:34+00:00,1258.48,card,captured
594,644,2023-10-04 00:01:54+00:00,700.31,card,captured
595,644,2024-03-10 04:56:54+00:00,84.35,bank_transfer,authorized
596,646,2023-11-21 22:46:53+00:00,529.22,cash_on_delivery,captured
597,648,2024-06-29 00:07:53+00:00,591.5,card,failed
598,650,2023-06-16 11:36:30+00:00,590.78,cash_on_delivery,captured
599,651,2023-11-07 05:14:13+00:00,800.3,cash_on_delivery,authorized
600,652,2025-05-11 15:33:28+00:00,1262.66,bank_transfer,captured
601,653,2025-01-06 04:12:15+00:00,318.2,card,captured
602,654,2025-07-25 05:54:08+00:00,145.68,cash_on_delivery,captured
603,655,2024-03-30 14:48:43+00:00,129.85,bank_transfer,captured
604,655,2024-04-02 13:23:33+00:00,28.72,card,authorized
605,657,2023-11-13 11:03:21+00:00,239.38,card,captured
606,658,2024-08-05 00:53:11+00:00,2688.0,cash_on_delivery,failed
607,660,2025-05-20 04:55:36+00:00,372.8,bank_transfer,captured
608,662,2023-05-06 06:44:58+00:00,965.26,card,captured
609,664,2025-03-07 12:09:35+00:00,458.98,paypal,captured
610,665,2023-09-25 09:41:49+00:00,657.35,cash_on_delivery,captured
611,666,2024-04-30 03:37:00+00:00,1014.97,bank_transfer,authorized
612,667,2023-11-03 11:41:21+00:00,1579.66,card,captured
613,668,2024-12-19 02:43:20+00:00,423.2,bank_transfer,captured
614,670,2024-04-28 19:58:01+00:00,159.01,paypal,captured
615,670,2022-11-13 12:02:00+00:00,1321.1,paypal,authorized
616,671,2024-02-07 14:30:20+00:00,177.21,paypal,failed
617,671,2022-11-27 22:08:45+00:00,804.67,bank_transfer,captured
618,672,2024-06-05 04:57:00+00:00,53.07,cash_on_delivery,captured
619,673,2024-03-30 22:15:47+00:00,866.79,cash_on_delivery,captured
620,674,2025-08-15 23:05:26+00:00,971.18,cash_on_delivery,captured
621,675,2023-10-04 16:34:08+00:00,33.7,bank_transfer,captured
622,676,2023-08-04 23:31:36+00:00,296.85,paypal,authorized
623,677,2024-09-06 06:57:29+00:00,847.36,bank_transfer,captured
624,678,2024-07-01 09:52:36+00:00,62.0,paypal,captured
625,679,2023-01-22 04:00:13+00:00,111.58,paypal,captured
626,680,2024-10-03 11:32:21+00:00,1627.38,cash_on_delivery,captured
627,681,2023-04-27 06:39:41+00:00,259.77,cash_on_delivery,captured
628,682,2022-09-28 01:49:51+00:00,261.54,cash_on_delivery,captured
629,682,2025-08-12 07:36:58+00:00,247.6,bank_transfer,captured
630,683,2025-07-02 01:17:05+00:00,262.03,card,captured
631,684,2024-04-05 06:30:11+00:00,1223.81,paypal,captured
632,686,2025-04-08 04:34:48+00:00,43.66,paypal,captured
633,686,2024-12-15 06:27:18+00:00,483.31,bank_transfer,captured
634,687,2023-04-05 18:44:46+00:00,1178.0,cash_on_delivery,captured
635,688,2024-12-07 08:15:47+00:00,2473.31,cash_on_delivery,captured
636,689,2022-09-14 08:52:29+00:00,321.1,bank_transfer,authorized
637,690,2024-12-15 10:44:20+00:00,1979.38,cash_on_delivery,captured
638,691,2024-12-06 13:47:34+00:00,18.82,bank_transfer,captured
639,692,2025-03-10 18:20:23+00:00,435.23,card,captured
640,695,2023-01-29 20:01:34+00:00,57.18,cash_on_delivery,authorized
641,695,2024-01-30 04:40:51+00:00,858.93,cash_on_delivery,captured
642,696,2025-07-20 14:22:41+00:00,1437.81,cash_on_delivery,captured
643,697,2024-03-15 14:40:07+00:00,347.36,paypal,captured
644,698,2023-05-27 04:39:08+00:00,167.5,cash_on_delivery,captured
645,699,2023-11-19 04:29:35+00:00,850.89,card,captured
646,700,2024-05-20 12:46:23+00:00,886.4,paypal,failed
647,701,2023-07-21 15:59:08+00:00,44.04,paypal,captured
648,702,2024-10-22 10:43:16+00:00,36.42,bank_transfer,captured
649,703,2025-02-10 17:26:15+00:00,1244.58,bank_transfer,captured
650,705,2024-01-30 06:48:00+00:00,76.79,card,refunded
651,706,2023-06-28 23:22:21+00:00,73.53,bank_transfer,captured
652,708,2025-04-22 04:06:51+00:00,15.39,bank_transfer,authorized
653,708,2024-07-05 02:27:17+00:00,286.75,card,failed
654,709,2024-01-04 13:04:30+00:00,190.4,cash_on_delivery,captured
655,709,2025-04-13 00:41:47+00:00,21.66,card,captured
656,710,2023-09-10 19:27:47+00:00,13.39,paypal,captured
657,710,2024-09-29 06:57:03+00:00,668.76,card,captured
658,711,2024-01-20 04:32:19+00:00,1348.57,bank_transfer,captured
659,712,2022-10-19 04:50:15+00:00,944.6,paypal,captured
660,713,2023-01-28 12:50:09+00:00,385.03,card,captured
661,713,2024-01-18 15:10:26+00:00,466.71,paypal,captured
662,714,2022-11-05 06:53:48+00:00,66.68,paypal,authorized
663,714,2023-02-03 05:25:51+00:00,620.4,bank_transfer,captured
664,717,2024-09-09 17:36:39+00:00,470.28,cash_on_delivery,captured
665,718,2023-08-01 05:53:26+00:00,35.02,paypal,captured
666,718,2024-01-15 23:01:34+00:00,212.35,bank_transfer,captured
667,720,2023-05-20 12:38:53+00:00,1277.04,cash_on_delivery,captured
668,720,2023-11-15 09:54:28+00:00,307.84,bank_transfer,captured
669,721,2024-02-09 23:21:26+00:00,78.54,card,captured
670,723,2025-07-28 01:22:38+00:00,521.81,card,captured
671,726,2023-06-12 02:29:34+00:00,109.62,cash_on_delivery,captured
672,726,2023-03-27 16:54:30+00:00,99.54,cash_on_delivery,failed
673,727,2023-02-08 23:04:37+00:00,5.73,cash_on_delivery,captured
674,727,2025-01-29 18:26:43+00:00,1386.11,cash_on_delivery,failed
675,729,2022-09-23 00:45:53+00:00,422.04,paypal,failed
676,730,2024-04-14 15:21:22+00:00,967.12,card,captured
677,732,2023-02-04 17:23:13+00:00,267.04,paypal,captured
678,733,2023-04-12 05:19:18+00:00,484.49,cash_on_delivery,captured
679,736,2025-05-07 03:44:57+00:00,781.74,card,failed
680,737,2023-01-31 06:39:26+00:00,662.4,paypal,captured
681,738,2023-12-06 18:20:31+00:00,501.69,cash_on_delivery,failed
682,739,2024-06-27 20:03:25+00:00,994.97,cash_on_delivery,failed
683,740,2025-08-28 19:16:53+00:00,620.26,card,captured
684,741,2024-12-19 14:59:27+00:00,622.42,cash_on_delivery,authorized
685,743,2023-03-14 13:56:06+00:00,641.01,paypal,authorized
686,744,2023-06-02 14:01:35+00:00,619.36,bank_transfer,captured
687,745,2023-05-14 16:29:22+00:00,244.56,paypal,captured
688,745,2025-01-15 03:32:29+00:00,586.14,bank_transfer,captured
689,746,2023-12-10 17:47:22+00:00,2056.79,cash_on_delivery,captured
690,747,2025-01-05 06:10:38+00:00,583.5,bank_transfer,captured
691,748,2023-05-01 23:34:16+00:00,551.92,card,captured
692,750,2025-08-17 18:41:54+00:00,830.71,bank_transfer,failed
693,751,2024-04-25 09:13:04+00:00,681.82,cash_on_delivery,captured
694,752,2023-01-14 21:06:57+00:00,962.01,paypal,captured
695,754,2023-10-19 20:34:22+00:00,1474.01,bank_transfer,captured
696,756,2025-06-27 03:48:08+00:00,223.39,paypal,captured
697,757,2022-09-10 23:28:36+00:00,778.74,paypal,captured
698,757,2025-07-13 05:36:08+00:00,9.92,paypal,refunded
699,758,2024-06-25 06:42:24+00:00,1285.72,paypal,captured
700,760,2024-05-12 01:49:45+00:00,913.79,card,captured
701,761,2024-02-21 04:35:23+00:00,993.64,cash_on_delivery,captured
702,761,2023-12-22 00:39:51+00:00,522.94,card,captured
703,762,2025-04-21 06:26:55+00:00,780.06,bank_transfer,captured
704,763,2023-05-28 23:16:12+00:00,124.4,card,captured
705,764,2025-01-28 19:55:10+00:00,956.06,paypal,captured
706,765,2022-10-20 23:24:18+00:00,348.53,card,captured
707,767,2023-11-22 17:53:28+00:00,34.18,card,authorized
708,767,2023-09-27 17:09:01+00:00,37.96,bank_transfer,authorized
709,768,2023-09-20 21:21:03+00:00,890.83,cash_on_delivery,captured
710,769,2022-11-06 01:46:31+00:00,566.04,cash_on_delivery,captured
711,770,2024-06-25 19:31:50+00:00,463.53,paypal,authorized
712,771,2024-02-01 17:14:22+00:00,1145.96,card,failed
713,772,2023-11-17 10:43:43+00:00,276.27,paypal,captured
714,773,2023-03-21 05:32:38+00:00,594.62,paypal,captured
715,774,2024-12-22 13:53:01+00:00,312.69,cash_on_delivery,captured
716,774,2025-04-13 16:08:40+00:00,175.85,paypal,failed
717,775,2025-02-11 14:19:35+00:00,144.24,bank_transfer,failed
718,776,2023-09-25 00:45:46+00:00,64.54,cash_on_delivery,authorized
719,777,2024-08-03 03:37:48+00:00,1166.29,cash_on_delivery,captured
720,778,2024-07-20 06:46:11+00:00,346.15,card,captured
721,779,2024-01-09 11:20:50+00:00,1571.27,bank_transfer,captured
722,779,2023-06-07 07:08:38+00:00,375.65,bank_transfer,failed
723,780,2023-07-29 07:09:43+00:00,735.51,paypal,captured
724,781,2025-03-09 04:29:28+00:00,126.45,paypal,authorized
725,781,2023-04-08 17:28:20+00:00,380.98,card,captured
726,782,2024-12-31 19:55:11+00:00,1638.53,paypal,captured
727,784,2024-09-19 00:19:30+00:00,1285.81,paypal,authorized
728,785,2022-09-21 23:12:22+00:00,629.3,paypal,captured
729,785,2024-07-15 16:53:51+00:00,113.64,bank_transfer,captured
730,786,2023-04-10 12:55:41+00:00,423.19,bank_transfer,captured
731,788,2025-02-18 07:42:23+00:00,229.76,card,failed
732,789,2024-11-12 03:26:20+00:00,1688.34,bank_transfer,captured
733,789,2023-07-23 18:10:12+00:00,491.91,bank_transfer,captured
734,792,2024-11-03 14:03:24+00:00,254.23,card,authorized
735,794,2025-01-12 22:33:39+00:00,1633.89,cash_on_delivery,captured
736,795,2023-09-02 16:26:37+00:00,487.87,cash_on_delivery,captured
737,795,2024-08-13 06:32:28+00:00,164.11,paypal,captured
738,796,2024-08-03 19:10:39+00:00,532.37,card,authorized
739,797,2024-03-05 16:18:55+00:00,913.53,bank_transfer,captured
740,798,2024-03-18 20:06:26+00:00,815.69,cash_on_delivery,authorized
741,799,2023-10-31 23:15:58+00:00,729.53,paypal,captured
742,801,2022-11-02 23:08:29+00:00,1082.01,card,authorized
743,803,2023-12-12 11:44:39+00:00,87.6,cash_on_delivery,captured
744,804,2024-11-22 01:17:35+00:00,146.01,paypal,captured
745,805,2023-02-26 18:47:10+00:00,1608.74,card,failed
746,807,2024-07-28 07:25:45+00:00,1024.69,paypal,captured
747,808,2024-11-28 01:52:03+00:00,778.28,paypal,refunded
748,809,2023-09-13 09:33:10+00:00,32.25,card,captured
749,809,2023-11-05 12:38:20+00:00,31.78,bank_transfer,captured
750,810,2023-03-30 07:39:16+00:00,2221.96,cash_on_delivery,authorized
751,811,2023-04-19 22:13:49+00:00,1524.28,bank_transfer,captured
752,812,2024-08-19 12:53:39+00:00,444.7,cash_on_delivery,captured
753,813,2024-01-04 19:03:16+00:00,23.05,cash_on_delivery,captured
754,814,2024-06-19 16:52:24+00:00,795.64,paypal,captured
755,815,2023-07-20 00:47:38+00:00,1382.42,bank_transfer,authorized
756,817,2025-05-21 04:10:38+00:00,555.2,card,captured
757,818,2024-11-26 12:47:55+00:00,653.9,card,captured
758,819,2024-03-03 12:16:05+00:00,926.19,paypal,captured
759,820,2022-12-17 23:33:08+00:00,960.8,cash_on_delivery,captured
760,821,2025-08-13 04:37:49+00:00,222.31,cash_on_delivery,captured
761,822,2023-02-11 10:05:55+00:00,642.77,card,captured
762,823,2024-11-30 04:10:57+00:00,413.12,card,captured
763,824,2023-10-19 00:00:35+00:00,120.38,paypal,failed
764,826,2025-04-19 05:14:18+00:00,53.66,bank_transfer,captured
765,828,2023-05-07 12:10:15+00:00,849.13,paypal,captured
766,829,2024-08-13 18:55:09+00:00,769.25,bank_transfer,authorized
767,831,2025-07-30 19:41:02+00:00,167.43,card,authorized
768,833,2023-03-25 05:24:54+00:00,1417.78,paypal,captured
769,834,2025-01-26 02:30:50+00:00,88.7,cash_on_delivery,captured
770,835,2023-05-20 16:23:20+00:00,243.12,cash_on_delivery,captured
771,837,2023-07-29 02:22:33+00:00,833.7,bank_transfer,failed
772,838,2023-02-10 14:14:19+00:00,1378.06,paypal,captured
773,839,2024-07-27 13:40:46+00:00,1274.12,paypal,captured
774,841,2023-02-16 18:42:38+00:00,16.24,bank_transfer,captured
775,841,2023-01-30 12:12:23+00:00,2.25,cash_on_delivery,captured
776,842,2024-06-03 15:57:57+00:00,122.56,cash_on_delivery,captured
777,842,2024-09-24 18:57:43+00:00,1218.09,paypal,captured
778,844,2025-05-22 15:39:28+00:00,172.85,bank_transfer,captured
779,844,2025-02-15 18:46:03+00:00,35.11,cash_on_delivery,captured
780,845,2023-04-01 19:47:45+00:00,212.24,card,captured
781,845,2023-11-21 21:42:54+00:00,462.46,bank_transfer,refunded
782,846,2024-01-04 07:32:20+00:00,1028.18,cash_on_delivery,captured
783,847,2023-03-06 13:31:53+00:00,408.73,card,captured
784,847,2025-08-07 03:22:10+00:00,153.74,cash_on_delivery,captured
785,848,2023-01-19 05:31:23+00:00,287.77,card,captured
786,850,2024-11-14 16:45:50+00:00,1910.04,paypal,captured
787,851,2023-04-14 13:43:57+00:00,113.02,cash_on_delivery,captured
788,853,2023-05-13 07:37:00+00:00,125.89,paypal,captured
789,853,2022-09-30 23:50:19+00:00,165.98,card,captured
790,854,2024-08-29 10:41:38+00:00,1099.14,paypal,captured
791,855,2025-02-21 02:20:15+00:00,1322.94,bank_transfer,captured
792,855,2024-04-30 18:19:05+00:00,62.48,cash_on_delivery,refunded
793,856,2023-08-16 08:44:14+00:00,404.71,bank_transfer,failed
794,856,2023-01-31 17:19:20+00:00,433.15,bank_transfer,captured
795,857,2024-03-15 08:43:45+00:00,1214.72,paypal,authorized
796,858,2024-02-02 04:59:37+00:00,1288.69,card,captured
797,859,2024-02-20 12:46:08+00:00,969.29,bank_transfer,captured
798,861,2023-02-27 06:10:06+00:00,1395.9,bank_transfer,captured
799,862,2024-09-26 11:15:43+00:00,1363.53,paypal,captured
800,863,2023-05-15 22:53:42+00:00,1797.78,paypal,captured
801,864,2024-07-07 14:59:14+00:00,946.74,card,authorized
802,865,2024-03-06 23:22:23+00:00,591.15,paypal,captured
803,867,2022-11-01 03:42:23+00:00,1170.72,cash_on_delivery,captured
804,867,2025-02-07 10:46:19+00:00,118.95,cash_on_delivery,failed
805,868,2024-03-01 16:02:32+00:00,346.44,card,captured
806,871,2023-02-21 03:26:26+00:00,628.53,card,captured
807,872,2024-12-09 19:50:53+00:00,185.96,paypal,authorized
808,873,2024-08-15 15:36:42+00:00,2192.47,bank_transfer,captured
809,874,2023-12-30 04:14:51+00:00,996.49,paypal,captured
810,875,2023-07-29 22:31:12+00:00,596.02,bank_transfer,refunded
811,875,2024-04-01 12:49:43+00:00,224.16,paypal,authorized
812,878,2023-03-21 09:25:54+00:00,956.82,bank_transfer,captured
813,879,2023-05-18 01:25:12+00:00,28.94,cash_on_delivery,refunded
814,880,2023-09-08 01:26:43+00:00,203.41,paypal,authorized
815,882,2025-01-25 23:02:02+00:00,859.83,card,failed
816,882,2025-09-01 19:16:11+00:00,1141.26,paypal,captured
817,883,2023-07-15 13:58:24+00:00,341.22,cash_on_delivery,captured
818,883,2023-02-11 13:37:43+00:00,1031.51,cash_on_delivery,captured
819,885,2024-03-25 01:53:35+00:00,421.64,paypal,captured
820,886,2023-02-08 07:34:37+00:00,745.31,bank_transfer,captured
821,888,2023-07-25 08:51:22+00:00,788.72,paypal,captured
822,888,2022-11-28 00:41:50+00:00,20.72,bank_transfer,captured
823,889,2022-10-02 18:53:28+00:00,2374.25,paypal,failed
824,890,2025-07-05 12:58:25+00:00,1821.14,card,captured
825,891,2023-01-23 04:19:49+00:00,140.85,paypal,captured
826,892,2024-03-23 08:28:16+00:00,1737.28,bank_transfer,captured
827,896,2023-01-17 11:22:13+00:00,825.89,paypal,captured
828,897,2024-06-02 00:40:16+00:00,1035.88,card,authorized
829,899,2025-03-01 17:29:09+00:00,119.4,bank_transfer,captured
830,900,2023-09-10 13:25:46+00:00,53.66,cash_on_delivery,authorized
831,902,2024-04-18 18:06:05+00:00,1007.7,bank_transfer,captured
832,903,2024-08-01 10:19:41+00:00,341.15,card,captured
833,904,2024-01-18 22:19:52+00:00,673.43,card,captured
834,906,2025-03-02 00:04:58+00:00,571.1,paypal,captured
835,907,2023-09-08 05:07:46+00:00,488.43,bank_transfer,captured
836,908,2025-08-03 08:34:42+00:00,600.43,cash_on_delivery,captured
837,908,2022-10-15 08:47:59+00:00,576.29,card,failed
838,909,2024-03-09 11:52:10+00:00,168.84,bank_transfer,captured
839,910,2022-12-05 08:35:18+00:00,733.81,card,authorized
840,911,2024-10-18 21:48:31+00:00,379.2,cash_on_delivery,captured
841,912,2022-10-19 08:45:13+00:00,1057.51,bank_transfer,captured
842,914,2024-02-16 01:45:33+00:00,124.51,bank_transfer,captured
843,915,2024-09-04 08:24:44+00:00,1208.53,card,captured
844,915,2023-08-19 06:49:35+00:00,94.76,bank_transfer,captured
845,916,2025-06-29 17:57:45+00:00,772.31,bank_transfer,captured
846,917,2023-07-05 06:33:28+00:00,16.31,card,captured
847,918,2023-11-09 23:49:31+00:00,1198.13,paypal,captured
848,919,2025-01-06 04:50:46+00:00,644.6,bank_transfer,captured
849,920,2025-03-24 15:23:08+00:00,284.97,paypal,captured
850,920,2023-03-09 23:57:54+00:00,281.77,paypal,captured
851,922,2022-09-29 10:06:54+00:00,276.11,paypal,captured
852,923,2024-10-18 11:38:53+00:00,547.48,card,refunded
853,924,2022-11-15 04:42:13+00:00,1108.26,bank_transfer,authorized
854,925,2022-11-06 11:26:31+00:00,1436.97,bank_transfer,authorized
855,927,2025-05-14 09:38:38+00:00,1403.43,paypal,authorized
856,928,2025-08-15 09:39:59+00:00,712.4,paypal,failed
857,929,2024-07-02 17:46:47+00:00,1596.6,bank_transfer,captured
858,930,2023-08-15 17:56:01+00:00,912.86,cash_on_delivery,captured
859,931,2023-11-16 00:09:39+00:00,1884.75,card,captured
860,933,2025-05-05 22:37:46+00:00,47.83,card,captured
861,934,2024-09-02 18:01:19+00:00,2080.46,bank_transfer,captured
862,935,2023-07-06 02:29:08+00:00,858.02,cash_on_delivery,captured
863,937,2024-03-10 16:31:58+00:00,996.17,card,captured
864,938,2023-02-02 20:52:47+00:00,518.66,card,authorized
865,939,2025-05-16 19:24:54+00:00,807.66,paypal,captured
866,940,2023-03-09 12:32:06+00:00,421.92,paypal,captured
867,941,2024-06-21 11:34:51+00:00,139.17,cash_on_delivery,captured
868,942,2023-11-10 02:37:13+00:00,270.1,paypal,captured
869,943,2025-03-13 15:53:14+00:00,248.0,card,failed
870,945,2024-08-30 03:38:18+00:00,1332.74,paypal,captured
871,946,2024-07-09 07:12:14+00:00,2456.22,cash_on_delivery,captured
872,947,2023-02-05 16:49:34+00:00,1089.98,bank_transfer,failed
873,948,2023-06-10 10:58:50+00:00,1148.41,paypal,captured
874,950,2023-03-11 15:39:41+00:00,600.99,card,captured
875,951,2022-11-28 04:08:14+00:00,90.63,bank_transfer,refunded
876,952,2025-05-11 03:07:51+00:00,369.18,bank_transfer,captured
877,953,2025-09-05 16:31:50+00:00,746.44,card,authorized
878,954,2023-02-27 06:50:07+00:00,2240.15,cash_on_delivery,captured
879,955,2025-03-27 04:24:15+00:00,740.59,bank_transfer,captured
880,956,2025-07-27 03:36:02+00:00,633.59,paypal,captured
881,957,2022-11-26 17:57:00+00:00,787.39,bank_transfer,captured
882,958,2023-09-22 21:14:57+00:00,630.17,card,authorized
883,959,2023-02-05 19:39:40+00:00,83.33,cash_on_delivery,captured
884,960,2022-12-27 08:11:01+00:00,242.03,bank_transfer,refunded
885,960,2023-11-21 15:25:03+00:00,188.47,card,captured
886,962,2022-11-28 08:10:45+00:00,1527.53,paypal,captured
887,963,2023-07-24 02:45:12+00:00,448.06,card,failed
888,964,2024-12-26 12:54:11+00:00,858.75,card,captured
889,965,2023-04-08 13:48:51+00:00,486.66,card,authorized
890,966,2025-08-14 11:41:24+00:00,775.35,card,authorized
891,967,2025-07-28 21:58:03+00:00,635.53,paypal,captured
892,969,2024-10-06 11:39:26+00:00,677.55,cash_on_delivery,captured
893,970,2023-11-19 22:55:23+00:00,1989.31,bank_transfer,failed
894,971,2023-02-18 21:04:53+00:00,935.73,cash_on_delivery,authorized
895,972,2025-08-04 22:04:31+00:00,79.68,bank_transfer,captured
896,975,2025-07-27 15:08:08+00:00,853.61,card,captured
897,977,2025-08-07 20:28:47+00:00,1040.04,card,captured
898,978,2022-12-19 01:01:15+00:00,1235.82,bank_transfer,captured
899,979,2022-09-16 10:01:20+00:00,1602.64,paypal,captured
900,981,2023-11-04 06:29:47+00:00,722.14,cash_on_delivery,captured
901,981,2023-07-11 20:31:54+00:00,571.81,paypal,captured
902,982,2023-05-27 12:57:33+00:00,836.0,card,failed
903,984,2022-10-26 13:40:26+00:00,1262.19,cash_on_delivery,captured
904,985,2025-02-05 01:21:55+00:00,40.8,bank_transfer,captured
905,985,2025-01-25 07:12:17+00:00,660.03,card,authorized
906,986,2022-12-04 02:54:57+00:00,2038.22,paypal,captured
907,987,2024-05-29 03:25:43+00:00,1962.27,cash_on_delivery,authorized
908,988,2025-05-12 21:39:47+00:00,49.6,paypal,captured
909,989,2024-01-27 19:10:50+00:00,494.05,paypal,captured
910,990,2023-02-03 12:17:17+00:00,142.05,paypal,captured
911,991,2023-04-20 09:54:04+00:00,611.77,card,authorized
912,992,2022-12-16 06:26:50+00:00,492.9,paypal,captured
913,992,2023-03-13 04:44:55+00:00,192.88,bank_transfer,authorized
914,993,2025-05-08 14:21:55+00:00,656.08,bank_transfer,captured
915,994,2025-06-28 14:13:36+00:00,149.76,card,captured
916,995,2024-02-03 09:23:46+00:00,724.76,paypal,captured
917,997,2025-04-17 09:56:50+00:00,836.31,bank_transfer,captured
918,998,2024-12-04 17:14:33+00:00,1062.39,paypal,captured
919,999,2024-04-24 03:10:11+00:00,160.56,paypal,captured
920,1000,2025-09-01 02:21:51+00:00,626.7,card,captured
921,1000,2024-10-05 03:15:11+00:00,8.72,bank_transfer,captured
