shipment_id,order_id,ship_date,carrier,tracking_number,shipping_cost_usd,origin_warehouse_id
1,2,2024-07-31 05:55:45+00:00,DHL,DHL5278962244,10.99,10
2,3,2023-11-16 04:14:52+00:00,FedEx,FED7951336898,5.11,11
3,4,2025-04-12 14:45:37+00:00,Japan Post,JAP2018676885,11.08,5
4,5,2024-06-20 23:41:09+00:00,Deutsche Post,DEU3680772938,14.07,12
5,7,2024-05-03 10:10:25+00:00,Cainiao,CAI5813467336,25.05,4
6,8,2024-12-12 20:23:45+00:00,Japan Post,JAP2950694028,33.02,8
7,9,2024-06-30 05:17:55+00:00,Correos,COR4706084154,5.42,2
8,11,2024-01-22 17:50:23+00:00,FedEx,FED6134390782,11.85,7
9,13,2024-08-15 06:23:08+00:00,Correos,COR2041087723,32.79,1
10,15,2025-08-27 01:50:16+00:00,FedEx,FED7679409309,19.2,7
11,18,2024-07-04 17:57:39+00:00,UPS,UPS2936257185,6.67,3
12,19,2024-05-02 03:55:51+00:00,Deutsche Post,DEU4382454982,29.58,10
13,20,2024-02-07 15:53:13+00:00,Royal Mail,ROY6120769744,17.01,12
14,21,2025-07-05 08:23:55+00:00,Royal Mail,ROY9196950503,33.71,11
15,22,2023-07-17 04:41:28+00:00,FedEx,FED3632159425,32.38,1
16,24,2025-08-24 21:29:27+00:00,FedEx,FED8778477794,16.46,3
17,26,2024-11-01 02:35:19+00:00,Cainiao,CAI7848566311,33.17,4
18,27,2023-10-19 18:39:10+00:00,Correos,COR9041424948,10.55,6
19,28,2023-12-18 06:17:06+00:00,FedEx,FED5959900969,26.19,2
20,30,2023-09-22 09:48:38+00:00,La Poste,LA 9218353676,19.5,10
21,31,2023-11-22 20:13:29+00:00,Cainiao,CAI1846826955,24.47,9
22,32,2024-05-20 06:36:27+00:00,Japan Post,JAP5986841217,16.71,2
23,33,2024-01-13 16:41:08+00:00,Deutsche Post,DEU7873859247,17.8,3
24,34,2024-10-02 21:43:43+00:00,FedEx,FED7667598146,9.4,1
25,35,2023-11-05 20:33:18+00:00,Japan Post,JAP6186766557,24.84,10
26,36,2025-06-07 14:54:06+00:00,Japan Post,JAP3728998210,20.67,10
27,37,2023-10-09 11:51:58+00:00,Cainiao,CAI7291941878,24.07,4
28,38,2024-03-21 03:19:13+00:00,DHL,DHL7148975392,19.86,8
29,39,2024-02-09 03:57:34+00:00,Deutsche Post,DEU1315932081,22.3,4
30,41,2024-04-07 10:46:31+00:00,Aramex,ARA3887220124,23.74,5
31,42,2024-05-23 08:55:53+00:00,USPS,USP6797454208,30.92,12
32,43,2024-07-18 23:27:53+00:00,UPS,UPS2307472684,23.36,6
33,44,2023-12-17 23:56:11+00:00,Japan Post,JAP7133582261,35.94,6
34,45,2024-05-29 09:42:15+00:00,Royal Mail,ROY7620698493,21.24,7
35,47,2025-03-15 19:27:09+00:00,UPS,UPS7490173930,28.08,5
36,48,2023-12-19 06:41:46+00:00,Correos,COR2750785502,20.78,8
37,50,2025-05-15 15:39:42+00:00,Royal Mail,ROY1526155994,8.59,2
38,52,2024-07-12 14:13:33+00:00,UPS,UPS8923937372,21.39,9
39,53,2023-12-07 02:02:09+00:00,Cainiao,CAI5324330449,13.73,6
40,54,2024-01-05 15:47:23+00:00,Royal Mail,ROY7626634029,20.81,6
41,57,2025-07-08 04:08:56+00:00,Royal Mail,ROY7140147212,15.76,9
42,58,2023-07-05 09:03:46+00:00,FedEx,FED7591724995,24.77,5
43,59,2023-12-07 09:46:10+00:00,Cainiao,CAI6086805531,21.29,8
44,60,2024-07-21 12:55:43+00:00,UPS,UPS7281021937,10.46,6
45,61,2024-06-05 18:48:58+00:00,Royal Mail,ROY8713222018,13.37,6
46,62,2024-11-09 07:12:48+00:00,Cainiao,CAI1945318184,24.96,10
47,63,2025-01-16 10:40:52+00:00,UPS,UPS3162576319,17.93,8
48,66,2025-05-29 05:07:09+00:00,FedEx,FED1955915593,20.27,3
49,67,2025-04-09 07:17:31+00:00,DHL,DHL1925432922,24.19,11
50,69,2024-10-09 12:46:08+00:00,USPS,USP3167285435,12.54,1
51,70,2023-10-31 02:51:07+00:00,Aramex,ARA4624936528,24.6,10
52,71,2025-09-08 07:10:41+00:00,DHL,DHL9625573059,22.98,2
53,73,2023-09-19 16:54:28+00:00,Correos,COR9455697198,20.7,1
54,74,2024-12-19 13:24:56+00:00,Aramex,ARA7336270330,18.89,10
55,75,2024-11-09 07:06:22+00:00,Cainiao,CAI1176358287,25.31,3
56,76,2025-06-02 10:32:08+00:00,Cainiao,CAI8512808939,24.41,6
57,77,2024-03-18 07:21:15+00:00,Royal Mail,ROY6634497597,29.24,1
58,79,2023-09-02 01:04:21+00:00,DHL,DHL1276624717,19.08,5
59,80,2023-09-24 22:19:55+00:00,FedEx,FED6065459581,17.32,3
60,81,2024-06-04 17:46:35+00:00,La Poste,LA 6699631678,27.16,3
61,82,2025-03-15 03:27:37+00:00,Aramex,ARA2809420831,23.72,6
62,83,2023-08-19 09:19:20+00:00,DHL,DHL7614512441,38.55,9
63,84,2024-07-23 17:57:00+00:00,FedEx,FED7828890235,20.81,7
64,85,2024-06-16 14:02:36+00:00,USPS,USP8313214452,23.23,12
65,87,2024-10-23 10:11:17+00:00,DHL,DHL8300711458,13.3,4
66,88,2025-09-06 22:32:30+00:00,Cainiao,CAI5797211994,32.54,3
67,89,2024-10-17 13:37:09+00:00,USPS,USP3351704963,16.79,11
68,90,2025-01-31 16:10:03+00:00,Aramex,ARA6611953868,25.74,9
69,91,2024-03-19 08:59:24+00:00,Aramex,ARA7941477592,28.75,8
70,92,2025-05-08 00:06:43+00:00,Japan Post,JAP8773240420,26.52,10
71,93,2024-03-23 04:17:47+00:00,Royal Mail,ROY8289215287,19.8,11
72,94,2024-03-24 10:06:39+00:00,Deutsche Post,DEU8234766563,27.29,8
73,95,2025-03-19 12:27:02+00:00,Japan Post,JAP1095878700,11.03,4
74,96,2023-10-10 19:31:56+00:00,Cainiao,CAI9908819496,26.76,10
75,97,2025-03-05 17:44:50+00:00,FedEx,FED8661855509,26.04,5
76,99,2024-10-04 09:45:11+00:00,DHL,DHL7752061839,12.28,6
77,101,2025-08-14 08:32:01+00:00,UPS,UPS1172476047,22.15,8
78,103,2023-10-07 19:31:06+00:00,Cainiao,CAI3685554697,8.67,1
79,106,2023-07-07 03:13:44+00:00,USPS,USP2425298545,23.33,11
80,107,2025-05-16 00:25:27+00:00,Royal Mail,ROY3715110175,31.3,1
81,108,2024-01-19 15:24:09+00:00,DHL,DHL3586697841,29.45,12
82,109,2024-07-16 03:25:22+00:00,Deutsche Post,DEU9826690939,13.29,10
83,110,2024-11-25 15:40:01+00:00,Deutsche Post,DEU1242933423,18.41,12
84,113,2025-08-11 13:46:03+00:00,DHL,DHL7159353621,10.33,7
85,114,2023-12-15 17:59:55+00:00,La Poste,LA 5097769064,15.22,4
86,115,2025-07-03 04:19:10+00:00,Cainiao,CAI1969013425,27.11,10
87,116,2024-06-28 11:37:30+00:00,Aramex,ARA9411774725,17.47,1
88,117,2024-01-05 05:45:46+00:00,La Poste,LA 4203319959,8.65,7
89,118,2024-04-03 23:31:31+00:00,Aramex,ARA1956206275,23.31,9
90,119,2025-03-06 00:41:15+00:00,Royal Mail,ROY2622583831,30.59,8
91,121,2024-08-14 17:02:00+00:00,DHL,DHL5755769924,31.6,12
92,122,2025-04-24 12:03:13+00:00,USPS,USP5523409406,31.68,10
93,123,2025-01-08 17:08:41+00:00,FedEx,FED3293672783,39.44,1
94,124,2025-05-26 11:54:10+00:00,Aramex,ARA8305996709,25.49,2
95,126,2025-07-29 17:01:46+00:00,Cainiao,CAI3184964513,19.83,10
96,127,2025-01-15 17:05:08+00:00,Correos,COR7710363455,19.9,4
97,128,2025-02-02 19:48:27+00:00,UPS,UPS6699415716,32.5,12
98,129,2024-03-02 01:18:06+00:00,UPS,UPS3115161913,8.36,12
99,130,2024-11-21 03:33:32+00:00,UPS,UPS7716349380,23.17,1
100,131,2025-03-01 08:23:40+00:00,Royal Mail,ROY6536438742,20.66,11
101,133,2025-04-10 10:33:36+00:00,Japan Post,JAP1896989107,12.87,3
102,134,2025-03-18 22:30:54+00:00,Correos,COR2671273036,17.06,4
103,135,2023-07-31 19:25:33+00:00,UPS,UPS8793314777,22.42,2
104,136,2024-04-27 10:28:40+00:00,Cainiao,CAI2237194924,16.48,7
105,137,2025-06-09 22:00:26+00:00,USPS,USP1154987497,15.46,8
106,138,2023-12-04 18:29:45+00:00,FedEx,FED9346471535,19.92,1
107,140,2025-04-04 06:00:42+00:00,Aramex,ARA8846175472,19.46,2
108,141,2023-12-23 08:32:58+00:00,USPS,USP4673697618,28.48,9
109,142,2024-01-17 08:33:42+00:00,Correos,COR6125217079,19.76,3
110,143,2024-01-07 19:57:15+00:00,Cainiao,CAI4203632850,10.62,2
111,144,2025-07-06 20:47:26+00:00,Japan Post,JAP1330094697,16.92,2
112,146,2024-09-14 14:21:24+00:00,Deutsche Post,DEU2295883156,16.97,3
113,147,2024-09-23 16:09:46+00:00,FedEx,FED1747529675,16.95,6
114,148,2024-01-04 00:27:14+00:00,Correos,COR8740105813,30.46,8
115,149,2023-09-13 20:38:17+00:00,La Poste,LA 8569330054,25.85,5
116,150,2025-06-28 01:17:11+00:00,Japan Post,JAP4016999212,9.48,6
117,151,2023-09-06 11:56:28+00:00,USPS,USP7745512848,19.99,12
118,152,2024-08-14 11:00:08+00:00,DHL,DHL5332456450,22.1,10
119,153,2024-05-26 08:04:11+00:00,UPS,UPS5684898495,18.89,2
120,154,2024-08-03 01:25:30+00:00,Japan Post,JAP5412523642,16.29,6
121,156,2025-01-02 19:04:01+00:00,Aramex,ARA8218276764,11.99,4
122,157,2024-07-27 07:08:47+00:00,Deutsche Post,DEU6820624473,24.61,6
123,158,2024-09-05 01:51:09+00:00,FedEx,FED5782987385,25.43,1
124,159,2025-05-23 02:32:23+00:00,Correos,COR3577826508,13.94,11
125,165,2024-04-02 18:04:32+00:00,FedEx,FED9174822517,11.86,6
126,166,2023-07-20 11:26:34+00:00,DHL,DHL5577136154,17.99,8
127,167,2025-04-26 00:51:51+00:00,La Poste,LA 7669980341,20.11,9
128,168,2025-02-18 05:08:27+00:00,Japan Post,JAP5279338120,24.73,7
129,169,2023-08-26 17:54:35+00:00,Deutsche Post,DEU2145874202,25.14,7
130,171,2023-11-03 00:06:48+00:00,FedEx,FED5672126429,28.08,5
131,172,2025-03-22 04:54:02+00:00,UPS,UPS8729572983,25.63,4
132,173,2025-08-20 06:54:11+00:00,Deutsche Post,DEU1119014768,5.76,11
133,175,2025-06-21 06:55:22+00:00,USPS,USP2468468275,14.96,6
134,177,2024-06-29 08:06:06+00:00,Cainiao,CAI4676397338,20.75,3
135,178,2024-10-13 18:09:24+00:00,DHL,DHL1461339623,9.47,5
136,179,2024-12-20 20:53:49+00:00,Correos,COR2196118829,21.03,1
137,180,2024-03-02 08:29:52+00:00,Deutsche Post,DEU2315416210,19.52,1
138,181,2023-12-30 22:18:09+00:00,La Poste,LA 4133871850,33.42,1
139,182,2024-11-07 17:07:24+00:00,USPS,USP4865539672,21.85,4
140,184,2024-03-27 17:40:36+00:00,DHL,DHL8756385473,36.6,3
141,185,2024-07-26 01:22:30+00:00,USPS,USP7693299658,17.89,4
142,186,2025-06-05 08:28:14+00:00,Aramex,ARA9594590957,22.03,4
143,187,2025-05-04 09:53:33+00:00,DHL,DHL9410348594,20.16,7
144,190,2024-12-08 16:46:59+00:00,Correos,COR4513623086,7.2,10
145,192,2023-09-03 23:39:48+00:00,UPS,UPS5056271681,22.38,2
146,194,2024-10-17 20:24:47+00:00,Japan Post,JAP8734561014,38.95,1
147,196,2023-09-17 00:30:50+00:00,Deutsche Post,DEU5535487721,29.06,8
148,197,2025-05-18 11:03:42+00:00,FedEx,FED9131687654,31.64,5
149,199,2025-06-17 00:02:45+00:00,DHL,DHL4113624739,21.27,2
150,200,2024-08-19 15:44:10+00:00,Cainiao,CAI1041629889,24.45,9
151,202,2024-10-03 04:16:35+00:00,La Poste,LA 1054324285,21.1,2
152,204,2024-11-19 03:30:05+00:00,Correos,COR5743824714,20.99,5
153,205,2023-11-17 23:00:19+00:00,Aramex,ARA9247940144,32.99,4
154,206,2025-06-19 22:04:33+00:00,Cainiao,CAI8139113361,14.05,8
155,207,2025-04-04 19:51:22+00:00,DHL,DHL2571250193,21.23,1
156,211,2024-04-27 09:47:34+00:00,Aramex,ARA2723405560,13.63,2
157,213,2024-09-03 18:12:33+00:00,UPS,UPS4277682609,19.2,8
158,215,2025-06-10 02:28:32+00:00,Royal Mail,ROY7747171361,17.65,10
159,216,2025-03-08 08:45:57+00:00,DHL,DHL4138908863,26.93,7
160,217,2025-05-27 00:02:07+00:00,Deutsche Post,DEU1745404539,20.31,11
161,218,2025-06-13 13:17:16+00:00,Japan Post,JAP9147666077,13.0,1
162,220,2023-10-11 12:52:47+00:00,Deutsche Post,DEU5590821277,16.64,12
163,222,2024-01-18 23:01:06+00:00,Correos,COR5724267606,13.74,6
164,223,2024-12-13 23:24:40+00:00,UPS,UPS1587759272,22.92,7
165,224,2024-10-22 10:42:10+00:00,Japan Post,JAP7728712427,35.35,10
166,225,2024-09-06 20:01:41+00:00,La Poste,LA 4450095486,17.05,10
167,226,2025-06-27 13:39:24+00:00,Deutsche Post,DEU1189113394,22.42,8
168,227,2024-02-21 12:11:02+00:00,Deutsche Post,DEU9733131147,39.58,5
169,228,2025-05-18 15:07:46+00:00,DHL,DHL6631792711,22.28,8
170,230,2024-03-18 16:02:16+00:00,Aramex,ARA2515149738,28.24,8
171,231,2025-03-28 08:12:26+00:00,Aramex,ARA6616052380,30.59,10
172,233,2025-01-23 06:54:35+00:00,Royal Mail,ROY5575607858,29.27,9
173,234,2024-09-22 12:06:27+00:00,La Poste,LA 5610513426,45.97,11
174,235,2024-12-26 04:21:16+00:00,Japan Post,JAP8651217945,23.3,8
175,238,2024-03-28 01:23:38+00:00,Correos,COR8714196372,31.31,3
176,239,2025-05-18 13:26:38+00:00,DHL,DHL4230134011,29.47,6
177,241,2024-08-21 02:07:16+00:00,Correos,COR8780861603,6.07,5
178,243,2023-09-06 00:07:27+00:00,FedEx,FED8569255533,10.18,10
179,249,2024-03-22 10:44:43+00:00,FedEx,FED9188375347,20.13,3
180,250,2024-09-05 17:26:09+00:00,Royal Mail,ROY8225194369,10.75,1
181,251,2023-12-15 22:25:07+00:00,Correos,COR5602239144,10.07,5
182,252,2024-03-29 19:56:38+00:00,UPS,UPS6667173339,25.36,6
183,253,2025-08-21 09:02:43+00:00,Royal Mail,ROY3537601184,16.53,3
184,255,2024-04-23 11:20:36+00:00,Royal Mail,ROY7546732468,13.16,3
185,256,2025-04-04 04:41:05+00:00,UPS,UPS8244375060,17.6,4
186,257,2023-12-04 00:12:46+00:00,Royal Mail,ROY4003708882,30.73,8
187,260,2024-11-22 20:47:46+00:00,UPS,UPS4630704537,18.81,12
188,262,2023-08-14 09:06:49+00:00,Royal Mail,ROY1047179447,33.52,10
189,263,2025-06-06 01:07:23+00:00,FedEx,FED7109072145,33.51,3
190,264,2023-12-04 10:56:05+00:00,Royal Mail,ROY1749523410,34.84,4
191,265,2025-02-24 11:13:12+00:00,USPS,USP9994092298,22.13,2
192,266,2025-05-07 00:27:56+00:00,FedEx,FED3100449637,23.16,12
193,267,2024-06-02 16:21:10+00:00,FedEx,FED9115696890,18.14,10
194,268,2023-08-19 23:16:15+00:00,Deutsche Post,DEU6031373495,19.23,1
195,269,2024-04-25 10:06:44+00:00,Deutsche Post,DEU7630168677,12.47,8
196,270,2024-08-12 17:00:08+00:00,Aramex,ARA7489219408,19.74,7
197,272,2025-09-01 14:39:15+00:00,DHL,DHL7541401224,17.23,4
198,274,2025-09-03 18:51:36+00:00,Deutsche Post,DEU1944592292,22.94,5
199,276,2023-07-03 08:30:37+00:00,FedEx,FED7540631289,25.73,11
200,278,2023-12-02 09:08:49+00:00,Deutsche Post,DEU6847194796,22.39,2
201,279,2025-06-16 09:32:50+00:00,UPS,UPS6548967584,11.09,3
202,281,2024-04-02 16:42:48+00:00,Aramex,ARA1074271814,7.55,10
203,283,2024-03-24 01:19:35+00:00,DHL,DHL9342922481,16.09,9
204,284,2024-12-20 02:27:51+00:00,USPS,USP8244716929,20.23,8
205,285,2024-07-08 09:09:10+00:00,Aramex,ARA3494422773,9.94,5
206,288,2024-12-19 01:08:34+00:00,Japan Post,JAP1333746365,4.05,4
207,290,2025-07-08 00:24:42+00:00,USPS,USP5822463390,18.55,6
208,291,2024-03-07 21:19:42+00:00,Deutsche Post,DEU1619205126,23.41,3
209,292,2025-03-19 17:21:34+00:00,Royal Mail,ROY1933094973,26.62,5
210,293,2024-09-02 11:25:57+00:00,USPS,USP7036263188,21.44,9
211,295,2023-10-14 07:24:02+00:00,Aramex,ARA9442296009,35.78,6
212,296,2024-03-26 13:34:36+00:00,USPS,USP4153050349,16.6,5
213,297,2025-03-02 06:28:10+00:00,UPS,UPS6259314455,5.91,6
214,299,2024-11-25 22:32:05+00:00,FedEx,FED3632476722,30.69,5
215,300,2024-04-21 00:14:06+00:00,Japan Post,JAP3053229778,36.61,10
216,301,2023-08-14 14:13:23+00:00,UPS,UPS8055087615,16.24,9
217,302,2023-12-15 08:22:16+00:00,Cainiao,CAI1046576086,11.98,6
218,303,2024-06-12 16:39:58+00:00,Correos,COR1936786339,31.59,8
219,304,2023-11-26 14:38:39+00:00,Correos,COR3765878887,23.27,8
220,305,2025-04-20 08:53:10+00:00,USPS,USP4187675428,26.35,10
221,306,2025-03-14 23:13:35+00:00,USPS,USP7166005417,21.37,3
222,307,2025-06-13 21:22:48+00:00,Deutsche Post,DEU4138047549,32.66,2
223,308,2023-11-15 20:55:51+00:00,Deutsche Post,DEU9456793505,12.16,7
224,309,2024-05-14 16:31:06+00:00,Royal Mail,ROY5962511838,36.71,7
225,311,2025-05-27 00:14:13+00:00,DHL,DHL7259166584,19.91,8
226,313,2025-07-10 00:35:56+00:00,UPS,UPS7981484131,27.21,11
227,314,2023-08-26 15:53:42+00:00,Japan Post,JAP2230804925,27.44,2
228,316,2024-01-02 06:36:12+00:00,FedEx,FED1045346495,32.59,9
229,317,2023-10-08 04:33:23+00:00,Aramex,ARA4480925053,22.0,10
230,318,2024-04-19 16:47:12+00:00,Royal Mail,ROY6349883933,34.63,5
231,319,2025-08-22 20:03:54+00:00,UPS,UPS9661305114,28.78,1
232,320,2025-05-29 12:07:11+00:00,UPS,UPS8278555112,33.47,9
233,321,2024-04-09 01:20:33+00:00,Japan Post,JAP8230203650,15.73,11
234,324,2024-03-31 06:04:19+00:00,Deutsche Post,DEU9952249095,21.86,1
235,325,2025-07-14 09:32:17+00:00,DHL,DHL3442472839,15.48,10
236,327,2025-07-20 12:19:54+00:00,Correos,COR9338437965,21.81,2
237,328,2023-08-23 14:25:21+00:00,Deutsche Post,DEU4284166750,15.64,4
238,329,2024-02-09 18:39:55+00:00,La Poste,LA 9552828466,6.81,11
239,330,2024-03-30 02:37:06+00:00,Deutsche Post,DEU9717937928,24.85,6
240,331,2024-08-21 03:31:48+00:00,Japan Post,JAP4982811466,19.89,6
241,333,2025-05-16 08:11:28+00:00,USPS,USP3748536695,23.34,9
242,334,2025-07-26 20:51:10+00:00,Royal Mail,ROY5869341367,24.99,1
243,335,2023-10-14 00:31:19+00:00,Correos,COR2828642679,18.68,2
244,337,2024-07-05 05:25:37+00:00,FedEx,FED3366554605,20.72,7
245,340,2024-08-22 11:55:36+00:00,Aramex,ARA1492692446,31.53,7
246,341,2023-10-04 01:59:54+00:00,Cainiao,CAI7061357322,25.46,2
247,344,2025-04-12 22:20:33+00:00,USPS,USP7858687046,22.89,8
248,345,2024-10-08 13:55:23+00:00,Aramex,ARA8984800040,19.68,5
249,346,2024-01-27 09:27:04+00:00,Japan Post,JAP3676988501,13.87,5
250,347,2025-09-01 08:57:58+00:00,FedEx,FED7924541941,20.13,11
251,348,2025-03-26 11:20:52+00:00,Royal Mail,ROY2260800443,17.55,7
252,349,2024-03-27 01:59:30+00:00,Deutsche Post,DEU7089524384,26.62,12
253,352,2025-05-26 13:08:21+00:00,UPS,UPS9816986532,3.66,12
254,353,2025-04-28 21:33:45+00:00,Aramex,ARA2512652158,14.16,12
255,355,2024-05-24 12:14:36+00:00,DHL,DHL8407827991,10.48,6
256,357,2025-09-05 18:54:05+00:00,La Poste,LA 1600070171,27.63,1
257,358,2024-06-06 02:36:52+00:00,Japan Post,JAP1189052134,29.89,12
258,360,2025-06-28 16:19:45+00:00,Aramex,ARA4634369747,21.01,10
259,361,2024-12-24 22:19:01+00:00,USPS,USP7018933842,30.89,4
260,362,2024-07-25 19:32:55+00:00,USPS,USP1383979593,35.41,4
261,363,2024-09-26 13:54:49+00:00,FedEx,FED2165508206,18.43,6
262,364,2024-07-15 00:49:48+00:00,Deutsche Post,DEU5822290754,24.58,12
263,365,2025-01-29 02:52:17+00:00,La Poste,LA 7166468784,27.52,5
264,366,2024-05-05 13:44:31+00:00,Correos,COR8988253110,32.83,9
265,367,2025-05-25 17:14:37+00:00,Cainiao,CAI8490167997,13.05,8
266,369,2024-03-12 10:55:35+00:00,La Poste,LA 7262485558,30.13,12
267,370,2024-09-14 20:11:23+00:00,UPS,UPS7659523651,24.68,12
268,371,2024-02-09 08:49:04+00:00,Deutsche Post,DEU7192265979,15.36,12
269,372,2023-12-10 18:24:09+00:00,UPS,UPS1459435737,15.72,11
270,373,2025-09-03 06:19:16+00:00,FedEx,FED9499352102,11.76,12
271,374,2023-07-22 14:49:36+00:00,Royal Mail,ROY8288294492,15.61,10
272,378,2024-02-05 02:47:05+00:00,La Poste,LA 8764362126,24.16,2
273,379,2023-12-08 18:41:39+00:00,USPS,USP9768822823,32.14,4
274,380,2024-05-24 01:36:31+00:00,Deutsche Post,DEU7901346233,23.84,6
275,381,2024-02-01 22:02:33+00:00,Japan Post,JAP3688406976,17.87,12
276,382,2025-02-20 06:04:53+00:00,Japan Post,JAP2361177837,22.48,11
277,383,2023-09-19 18:44:26+00:00,Japan Post,JAP9295868881,11.86,11
278,385,2024-08-03 20:03:47+00:00,Cainiao,CAI7305732470,22.08,9
279,386,2023-07-23 05:35:46+00:00,Aramex,ARA9864709941,14.5,5
280,387,2024-07-10 12:03:39+00:00,Deutsche Post,DEU4392523838,24.7,11
281,388,2025-04-13 20:47:00+00:00,Royal Mail,ROY2783121985,22.14,2
282,389,2025-02-13 22:55:57+00:00,La Poste,LA 1911277138,19.39,3
283,390,2024-11-01 19:31:56+00:00,UPS,UPS6341930613,12.38,3
284,391,2023-08-25 03:32:28+00:00,FedEx,FED4089346024,13.66,8
285,392,2024-01-31 15:12:17+00:00,La Poste,LA 4518243740,16.15,4
286,393,2024-03-14 19:00:45+00:00,Japan Post,JAP1660088899,5.51,1
287,394,2024-08-31 12:57:30+00:00,Deutsche Post,DEU2818279171,20.34,3
288,395,2024-05-27 18:53:52+00:00,USPS,USP6921493988,25.89,2
289,396,2024-02-19 15:01:49+00:00,UPS,UPS1190716549,4.86,1
290,398,2024-02-11 05:24:47+00:00,UPS,UPS7225133028,24.22,3
291,400,2025-03-02 20:25:46+00:00,USPS,USP3890157521,20.27,8
292,403,2025-02-12 18:04:23+00:00,Correos,COR7430451460,31.28,1
293,404,2024-09-30 04:35:56+00:00,UPS,UPS4127509168,18.43,3
294,405,2025-02-18 00:05:33+00:00,Royal Mail,ROY6815341417,21.63,9
295,406,2023-08-24 17:24:57+00:00,Royal Mail,ROY5210725132,18.69,2
296,407,2024-09-12 22:43:21+00:00,Deutsche Post,DEU9803057333,8.15,5
297,410,2025-05-12 09:11:47+00:00,DHL,DHL1193038389,21.78,9
298,412,2025-06-01 18:53:29+00:00,DHL,DHL3902910447,30.19,10
299,414,2023-08-01 19:14:17+00:00,Aramex,ARA1979918665,11.85,1
300,415,2024-02-24 15:07:43+00:00,UPS,UPS5669561661,33.47,11
301,416,2025-08-11 08:54:23+00:00,Correos,COR1770351750,13.2,10
302,417,2023-09-04 23:47:17+00:00,La Poste,LA 2717907786,14.66,12
303,419,2024-04-06 17:06:49+00:00,Japan Post,JAP4813885932,23.23,3
304,420,2023-07-14 22:03:36+00:00,Cainiao,CAI7368919557,34.8,12
305,421,2025-01-05 02:12:28+00:00,La Poste,LA 1477929912,18.14,8
306,423,2024-07-12 20:37:35+00:00,USPS,USP9114366146,26.61,11
307,424,2024-05-03 08:16:14+00:00,Correos,COR6218960057,22.43,12
308,426,2024-09-13 02:31:02+00:00,Cainiao,CAI8873394896,26.13,12
309,427,2024-08-28 02:56:18+00:00,USPS,USP8298938571,20.2,8
310,429,2025-01-19 06:20:01+00:00,Deutsche Post,DEU7889193437,17.22,1
311,430,2024-05-09 00:38:07+00:00,Correos,COR3710385432,16.66,3
312,431,2023-08-05 01:01:59+00:00,Cainiao,CAI9721336579,33.18,3
313,432,2025-07-07 12:32:29+00:00,Royal Mail,ROY1405466956,18.7,6
314,435,2025-02-18 16:59:43+00:00,Japan Post,JAP5196848310,23.7,4
315,436,2023-08-29 07:44:50+00:00,Royal Mail,ROY4757579094,19.53,2
316,437,2024-01-25 22:14:50+00:00,La Poste,LA 8737488855,20.38,2
317,438,2025-01-11 02:42:15+00:00,Correos,COR7686906191,31.73,10
318,439,2024-10-15 12:43:05+00:00,UPS,UPS1642760717,4.02,11
319,440,2024-12-19 23:02:51+00:00,DHL,DHL7542118928,17.82,4
320,441,2024-07-06 13:19:17+00:00,FedEx,FED1739908548,12.84,9
321,442,2024-09-08 16:31:00+00:00,FedEx,FED8155561830,11.29,10
322,443,2025-07-21 12:36:16+00:00,Cainiao,CAI1312035131,15.36,10
323,444,2024-04-27 05:16:35+00:00,Deutsche Post,DEU9656232661,18.59,1
324,445,2024-12-11 23:24:27+00:00,FedEx,FED1626307168,34.93,11
325,446,2023-12-09 05:22:00+00:00,Correos,COR4608757686,13.84,8
326,447,2024-05-03 15:00:39+00:00,Japan Post,JAP2815190304,28.21,12
327,448,2024-04-05 20:39:47+00:00,Japan Post,JAP5861246620,25.32,2
328,449,2025-08-03 00:58:05+00:00,Deutsche Post,DEU6252587699,25.06,6
329,450,2025-06-07 20:40:57+00:00,DHL,DHL9530697115,19.67,10
330,451,2024-04-26 17:33:20+00:00,UPS,UPS6000474808,10.66,3
331,452,2025-06-02 17:51:42+00:00,Cainiao,CAI2557191769,19.25,4
332,453,2025-01-26 16:30:54+00:00,Royal Mail,ROY5332383795,22.22,2
333,454,2023-11-23 06:33:08+00:00,Japan Post,JAP5911450218,22.34,2
334,455,2024-08-25 16:13:25+00:00,Japan Post,JAP6780126406,16.6,1
335,457,2024-09-06 06:11:00+00:00,USPS,USP9091773169,26.57,11
336,458,2024-01-15 19:09:24+00:00,Aramex,ARA1521401327,26.15,8
337,459,2024-07-13 20:23:47+00:00,Royal Mail,ROY2401694050,19.86,12
338,460,2024-05-06 10:35:11+00:00,Cainiao,CAI7203016430,29.78,3
339,461,2024-10-10 10:09:48+00:00,Deutsche Post,DEU7783744693,11.06,9
340,462,2025-01-02 16:40:04+00:00,Cainiao,CAI3322898191,14.28,9
341,463,2025-09-07 23:09:01+00:00,Cainiao,CAI3598352235,33.34,2
342,465,2025-06-21 11:29:30+00:00,FedEx,FED7860409077,26.67,4
343,466,2023-07-27 23:50:04+00:00,DHL,DHL8832051106,41.9,2
344,468,2025-02-07 12:35:56+00:00,La Poste,LA 8135022346,18.37,9
345,469,2023-11-01 02:49:01+00:00,Correos,COR9127858849,24.44,11
346,470,2025-09-06 00:08:16+00:00,Royal Mail,ROY2037329850,20.7,2
347,471,2024-07-21 07:00:53+00:00,Aramex,ARA3428686343,16.18,11
348,472,2025-02-27 19:18:50+00:00,Royal Mail,ROY2789277906,22.45,8
349,473,2023-11-12 19:58:18+00:00,Correos,COR1691913321,21.96,6
350,474,2024-02-26 16:13:47+00:00,Deutsche Post,DEU2064027121,18.43,1
351,475,2023-11-29 13:11:28+00:00,DHL,DHL8701728808,17.76,8
352,476,2024-02-23 23:53:39+00:00,Japan Post,JAP3301993297,17.81,11
353,477,2024-08-31 11:49:12+00:00,Correos,COR9795578323,35.56,8
354,478,2024-12-21 17:38:13+00:00,FedEx,FED7133813545,13.45,7
355,482,2024-05-03 20:56:58+00:00,Aramex,ARA5207898753,30.55,10
356,483,2024-04-21 04:44:26+00:00,Correos,COR7695876858,7.75,10
357,484,2023-10-21 15:56:09+00:00,Royal Mail,ROY4725378460,5.02,3
358,486,2023-11-15 18:14:57+00:00,USPS,USP9656074543,22.88,5
359,488,2023-11-13 22:54:54+00:00,DHL,DHL4139001167,27.89,4
360,489,2025-04-01 05:11:24+00:00,UPS,UPS4119538524,14.65,5
361,490,2025-02-05 22:05:13+00:00,Royal Mail,ROY1225170693,17.18,12
362,491,2023-07-08 04:36:46+00:00,Cainiao,CAI8721298716,17.99,7
363,492,2023-08-02 12:06:08+00:00,Cainiao,CAI1267722883,17.7,4
364,493,2024-09-23 11:35:00+00:00,Cainiao,CAI6187108443,25.02,5
365,495,2023-12-27 03:53:25+00:00,Deutsche Post,DEU9503816212,24.63,4
366,496,2025-06-19 09:52:51+00:00,Cainiao,CAI4476261254,24.89,7
367,498,2024-04-04 17:54:47+00:00,UPS,UPS1495191032,27.22,4
368,499,2023-10-11 16:58:46+00:00,DHL,DHL2349513022,17.81,8
369,500,2025-06-22 00:17:29+00:00,Aramex,ARA5981208846,36.39,11
370,503,2023-07-20 09:33:23+00:00,Correos,COR9232568182,22.43,7
371,504,2024-03-27 00:01:47+00:00,La Poste,LA 1164436162,26.9,7
372,505,2024-08-08 22:14:14+00:00,Correos,COR5962173065,18.56,10
373,506,2024-07-22 17:46:04+00:00,Cainiao,CAI6916204841,23.9,1
374,507,2024-06-06 16:01:00+00:00,Aramex,ARA9011062144,7.6,3
375,508,2025-05-08 06:31:22+00:00,Aramex,ARA6524145256,24.78,1
376,509,2024-12-16 02:58:46+00:00,La Poste,LA 6782079932,15.77,6
377,510,2023-11-08 07:48:04+00:00,FedEx,FED2648527463,10.37,5
378,511,2023-12-27 00:34:52+00:00,Cainiao,CAI9709283537,15.0,3
379,512,2025-06-20 12:21:42+00:00,Deutsche Post,DEU5689275732,30.19,1
380,513,2023-10-03 22:09:02+00:00,La Poste,LA 4188276358,25.14,5
381,514,2024-06-04 02:52:04+00:00,Deutsche Post,DEU6587879127,18.84,3
382,519,2024-09-12 22:57:13+00:00,Japan Post,JAP4296953687,15.57,9
383,520,2025-03-11 10:19:20+00:00,FedEx,FED8490591353,24.48,9
384,522,2025-02-25 22:35:18+00:00,Royal Mail,ROY2747406658,16.02,4
385,523,2025-09-06 00:21:00+00:00,USPS,USP5243197650,24.76,5
386,524,2024-09-30 11:33:38+00:00,Aramex,ARA7896781101,28.19,7
387,525,2023-08-04 15:33:31+00:00,Correos,COR1690899641,20.14,1
388,526,2024-09-05 13:50:59+00:00,FedEx,FED3397430667,29.91,7
389,528,2025-02-25 01:37:31+00:00,DHL,DHL2293937605,26.4,1
390,529,2024-02-08 16:04:19+00:00,DHL,DHL1022436085,31.94,12
391,530,2024-03-04 18:25:20+00:00,La Poste,LA 8588472448,16.4,2
392,531,2024-02-25 03:54:03+00:00,Cainiao,CAI9179115394,18.29,3
393,532,2024-02-10 12:26:11+00:00,Aramex,ARA9189796507,14.72,5
394,533,2024-11-07 19:01:03+00:00,DHL,DHL4528855943,26.65,11
395,534,2024-08-05 19:49:29+00:00,Aramex,ARA6014922786,21.05,5
396,535,2024-07-15 10:24:19+00:00,Aramex,ARA5189053728,22.76,11
397,536,2024-06-18 11:46:05+00:00,FedEx,FED5980689175,23.71,4
398,538,2024-09-28 18:27:46+00:00,Correos,COR9273470814,10.0,2
399,539,2023-09-10 20:42:46+00:00,Royal Mail,ROY8013316093,16.97,11
400,540,2025-03-02 16:36:35+00:00,Japan Post,JAP9439797996,25.69,5
401,542,2023-11-25 00:20:36+00:00,Royal Mail,ROY2735216187,31.96,12
402,544,2024-04-23 09:06:48+00:00,FedEx,FED1081839120,11.22,9
403,545,2024-08-23 15:39:46+00:00,Cainiao,CAI4842987627,24.93,6
404,546,2024-05-05 01:50:51+00:00,Aramex,ARA6392474214,32.28,5
405,547,2023-10-18 01:34:45+00:00,Japan Post,JAP8147397559,19.83,8
406,550,2023-12-13 14:39:52+00:00,La Poste,LA 7875840900,27.09,5
407,551,2025-01-20 03:45:05+00:00,Deutsche Post,DEU8150497009,25.68,5
408,552,2023-07-29 20:56:11+00:00,Royal Mail,ROY4182360778,27.99,5
409,553,2024-09-15 13:47:46+00:00,UPS,UPS6206271914,14.18,5
410,554,2024-08-16 14:08:10+00:00,Cainiao,CAI5490769352,26.36,12
411,555,2023-08-25 06:58:39+00:00,UPS,UPS1566441737,21.37,12
412,556,2024-08-22 00:57:48+00:00,La Poste,LA 6209899613,28.51,10
413,558,2024-12-16 01:26:57+00:00,Deutsche Post,DEU7861243702,11.5,11
414,559,2024-10-04 00:48:26+00:00,Aramex,ARA3628965784,5.04,3
415,560,2025-06-21 12:48:38+00:00,Cainiao,CAI9719803494,20.53,1
416,561,2025-09-07 16:22:46+00:00,USPS,USP4915728266,29.41,9
417,562,2025-05-01 08:57:28+00:00,Correos,COR6536295964,24.63,7
418,563,2025-04-30 09:10:43+00:00,Correos,COR3094899406,7.95,6
419,565,2023-09-17 19:29:06+00:00,Deutsche Post,DEU8237316057,23.28,7
420,566,2023-07-19 06:59:07+00:00,La Poste,LA 5778715570,26.11,1
421,567,2024-11-16 12:31:18+00:00,Deutsche Post,DEU9662963978,16.99,5
422,569,2025-02-28 10:54:05+00:00,La Poste,LA 2469386992,21.33,9
423,574,2024-07-12 08:50:14+00:00,Japan Post,JAP4137713609,23.88,7
424,575,2023-07-25 05:04:52+00:00,Correos,COR6685199735,15.81,4
425,576,2024-10-09 01:31:10+00:00,Correos,COR2753548823,30.69,8
426,577,2023-10-19 06:40:45+00:00,Cainiao,CAI4197795746,18.97,10
427,578,2024-04-18 07:40:28+00:00,Aramex,ARA4094032240,20.23,2
428,579,2025-04-03 09:57:42+00:00,Aramex,ARA2953438368,20.67,10
429,580,2024-07-09 19:06:44+00:00,DHL,DHL3325304851,25.0,6
430,584,2024-12-05 08:44:44+00:00,Deutsche Post,DEU2488830306,29.91,11
431,585,2025-07-22 04:46:36+00:00,La Poste,LA 6574268571,36.24,8
432,587,2025-02-23 03:57:06+00:00,DHL,DHL7751815103,28.71,12
433,588,2023-09-21 07:35:36+00:00,Cainiao,CAI1873321523,17.75,1
434,589,2024-06-22 10:31:10+00:00,UPS,UPS5063075648,14.16,12
435,591,2025-06-02 16:23:41+00:00,Aramex,ARA4646028704,25.55,5
436,592,2024-12-28 15:28:56+00:00,USPS,USP4529531949,24.81,4
437,593,2023-07-05 12:47:38+00:00,Royal Mail,ROY2956272090,24.32,8
438,595,2025-06-13 10:58:29+00:00,FedEx,FED9977774283,17.09,12
439,596,2024-12-06 09:19:25+00:00,USPS,USP3595192731,23.23,1
440,598,2025-07-04 07:04:53+00:00,Correos,COR7508187712,28.08,6
441,599,2025-04-27 05:24:39+00:00,Correos,COR9584004847,25.1,10
442,600,2025-06-29 03:07:24+00:00,Correos,COR9166153268,21.69,1
443,601,2023-12-16 16:34:45+00:00,USPS,USP5104019555,5.02,6
444,602,2025-05-14 09:34:33+00:00,Japan Post,JAP9503554398,23.13,11
445,603,2024-05-29 19:24:38+00:00,Cainiao,CAI3884972644,26.06,11
446,604,2023-07-13 07:01:26+00:00,FedEx,FED9922827409,20.07,3
447,605,2024-04-21 12:48:05+00:00,Aramex,ARA7668108724,24.1,11
448,606,2025-08-14 17:04:39+00:00,Aramex,ARA4779984727,3.37,12
449,607,2025-03-17 05:39:20+00:00,FedEx,FED5002054639,21.76,2
450,609,2024-10-15 12:49:54+00:00,DHL,DHL9012269583,17.11,11
451,611,2024-10-08 21:20:55+00:00,Aramex,ARA7434188366,30.66,10
452,612,2024-01-10 09:21:35+00:00,Cainiao,CAI8893166751,20.29,4
453,614,2024-01-31 12:03:35+00:00,Royal Mail,ROY5246805369,33.38,5
454,615,2023-07-07 01:05:50+00:00,FedEx,FED4627164255,21.86,2
455,616,2025-06-27 11:53:29+00:00,USPS,USP9035840157,13.15,11
456,617,2023-11-14 02:09:32+00:00,Correos,COR4018181392,22.65,7
457,620,2025-04-18 19:45:59+00:00,DHL,DHL1472504064,15.89,4
458,622,2024-10-14 10:49:59+00:00,Royal Mail,ROY8018322335,18.94,4
459,624,2025-08-18 16:53:12+00:00,DHL,DHL4912478103,29.71,5
460,626,2023-12-28 01:45:31+00:00,Royal Mail,ROY5629660403,12.97,8
461,627,2024-12-18 14:20:24+00:00,FedEx,FED8459136347,39.69,7
462,628,2025-03-11 17:28:57+00:00,Japan Post,JAP3057760816,25.97,1
463,629,2024-11-11 18:23:12+00:00,USPS,USP6970836328,23.08,7
464,630,2024-06-03 05:59:18+00:00,Royal Mail,ROY8503469772,15.5,8
465,631,2025-07-20 02:18:24+00:00,La Poste,LA 1322343120,27.22,5
466,632,2023-09-24 11:14:38+00:00,Royal Mail,ROY5033390450,24.69,1
467,633,2024-11-12 00:28:56+00:00,FedEx,FED6293417639,20.76,7
468,634,2023-11-04 22:04:59+00:00,UPS,UPS6360774637,17.74,12
469,635,2024-12-22 19:16:44+00:00,FedEx,FED4969978236,26.62,12
470,637,2025-05-04 18:55:56+00:00,Japan Post,JAP7418422559,5.19,10
471,638,2024-01-07 09:30:50+00:00,Japan Post,JAP9940644296,21.56,9
472,639,2023-11-21 12:47:57+00:00,DHL,DHL3301560668,14.5,1
473,640,2023-07-18 10:57:39+00:00,Cainiao,CAI7440210900,8.95,11
474,641,2025-07-08 17:31:46+00:00,USPS,USP8031051580,23.28,7
475,643,2023-08-10 02:34:07+00:00,DHL,DHL8213552017,26.87,4
476,646,2024-08-07 20:56:06+00:00,Deutsche Post,DEU2314103807,28.33,2
477,647,2025-04-24 20:15:45+00:00,UPS,UPS2703573825,29.11,11
478,648,2024-01-28 04:21:51+00:00,Cainiao,CAI9961772672,30.57,11
479,649,2024-11-28 03:08:53+00:00,Cainiao,CAI2552756675,7.31,5
480,650,2024-11-12 16:37:32+00:00,Deutsche Post,DEU4173096496,26.81,12
481,651,2023-11-09 19:56:28+00:00,Correos,COR5011401680,14.32,8
482,652,2025-04-23 02:06:22+00:00,Japan Post,JAP8124589429,12.6,10
483,653,2024-10-05 19:15:28+00:00,FedEx,FED4339281278,29.13,7
484,654,2024-09-09 23:11:57+00:00,DHL,DHL3147811171,9.13,12
485,655,2024-06-17 16:12:43+00:00,DHL,DHL1781911991,6.22,8
486,656,2025-06-15 06:13:42+00:00,DHL,DHL6157411332,14.84,9
487,657,2025-03-29 06:16:12+00:00,Japan Post,JAP2887270573,15.88,5
488,658,2023-09-07 00:24:45+00:00,USPS,USP3671960283,15.86,3
489,662,2024-08-24 07:46:29+00:00,Correos,COR3534049932,22.14,6
490,663,2024-04-19 10:37:49+00:00,La Poste,LA 1194017622,19.19,6
491,664,2024-03-22 09:51:47+00:00,UPS,UPS6960147152,23.76,8
492,665,2025-06-11 14:27:52+00:00,Japan Post,JAP7394715428,23.61,10
493,666,2024-10-15 07:51:04+00:00,Correos,COR5591367375,26.17,1
494,667,2024-09-15 16:04:32+00:00,FedEx,FED7782958865,13.51,10
495,668,2024-09-15 17:58:42+00:00,DHL,DHL3403439687,23.14,11
496,669,2024-08-27 21:46:55+00:00,La Poste,LA 4107171701,20.96,7
497,670,2024-11-28 07:33:18+00:00,USPS,USP9238337611,25.68,11
498,671,2024-10-06 22:35:06+00:00,La Poste,LA 7282634218,31.24,6
499,672,2023-10-04 02:06:05+00:00,Royal Mail,ROY9309027082,24.64,8
500,673,2024-12-30 13:31:38+00:00,Deutsche Post,DEU8744853891,17.49,12
501,674,2025-05-18 06:43:27+00:00,La Poste,LA 2791029948,26.2,3
502,676,2023-07-29 15:43:42+00:00,UPS,UPS4965303365,18.29,10
503,678,2023-12-02 06:32:14+00:00,USPS,USP8978123804,27.87,2
504,679,2024-07-19 00:40:13+00:00,FedEx,FED9138419949,8.89,4
505,680,2023-10-20 13:25:17+00:00,Japan Post,JAP3400971582,23.23,4
506,681,2025-05-22 17:18:09+00:00,UPS,UPS7458276008,29.4,12
507,682,2024-10-15 03:36:32+00:00,Correos,COR4970250127,21.73,3
508,687,2023-09-13 19:40:41+00:00,UPS,UPS9381471538,30.22,8
509,688,2023-10-20 23:44:13+00:00,Royal Mail,ROY8925505453,30.6,9
510,689,2023-07-30 03:49:04+00:00,Deutsche Post,DEU6511478079,13.76,5
511,690,2024-06-24 06:39:38+00:00,Deutsche Post,DEU9670232711,10.5,12
512,691,2025-03-23 07:36:06+00:00,Deutsche Post,DEU7193625766,14.59,5
513,692,2023-09-10 19:48:49+00:00,Japan Post,JAP5782023436,16.89,2
514,697,2024-03-10 15:20:42+00:00,Cainiao,CAI8379971246,18.71,4
515,699,2024-12-01 16:17:56+00:00,Japan Post,JAP6531641057,13.09,8
516,700,2024-07-29 09:42:34+00:00,Deutsche Post,DEU4550572354,22.78,6
517,701,2025-03-05 00:34:11+00:00,USPS,USP5432652333,17.38,9
518,702,2025-01-19 08:36:25+00:00,FedEx,FED8793008018,13.95,7
519,703,2024-03-11 10:37:25+00:00,Correos,COR8751414606,31.01,6
520,704,2025-03-08 16:35:55+00:00,DHL,DHL3760256798,29.27,7
521,706,2024-01-17 10:21:47+00:00,FedEx,FED4104395780,21.5,6
522,707,2024-09-07 18:53:18+00:00,Royal Mail,ROY9079890758,8.43,2
523,708,2025-08-29 04:56:05+00:00,USPS,USP3623592742,7.69,3
524,709,2025-02-07 00:55:21+00:00,Japan Post,JAP2961713475,36.45,8
525,711,2023-11-02 20:42:11+00:00,FedEx,FED3293308556,10.71,2
526,712,2025-08-25 19:42:23+00:00,Japan Post,JAP2493037953,23.67,6
527,714,2024-06-12 19:17:25+00:00,La Poste,LA 2452754374,27.01,5
528,717,2025-01-12 15:17:05+00:00,Deutsche Post,DEU7784619468,23.29,6
529,718,2025-01-20 08:28:54+00:00,USPS,USP4523978908,31.35,4
530,719,2024-04-10 05:59:41+00:00,FedEx,FED8149613856,31.62,8
531,720,2025-08-13 23:35:33+00:00,Deutsche Post,DEU1996942111,30.3,3
532,721,2023-08-21 07:59:19+00:00,Royal Mail,ROY7722142166,4.96,11
533,724,2024-06-28 17:03:21+00:00,Aramex,ARA4413268592,25.04,12
534,725,2023-07-15 04:03:49+00:00,Deutsche Post,DEU3074563691,10.67,11
535,726,2024-08-29 22:44:10+00:00,Royal Mail,ROY7569494438,37.75,4
536,727,2024-05-16 06:50:37+00:00,La Poste,LA 8248492909,15.76,4
537,728,2025-02-22 22:10:14+00:00,USPS,USP1794585696,18.61,10
538,729,2024-04-03 17:12:34+00:00,Aramex,ARA5032852298,26.59,4
539,730,2024-01-14 03:33:23+00:00,La Poste,LA 4831660247,37.97,7
540,731,2025-07-26 20:57:09+00:00,Royal Mail,ROY5064617878,29.29,3
541,732,2023-09-17 03:52:13+00:00,La Poste,LA 4235032766,25.59,5
542,733,2025-04-16 00:09:08+00:00,Cainiao,CAI1316867891,16.29,7
543,734,2025-05-31 19:22:45+00:00,La Poste,LA 1269397598,31.05,7
544,736,2024-04-15 02:16:07+00:00,Deutsche Post,DEU2076473547,30.74,4
545,737,2025-02-13 23:29:31+00:00,Aramex,ARA1697156910,16.92,9
546,738,2024-07-27 17:22:48+00:00,Cainiao,CAI9292216343,29.7,8
547,739,2023-11-20 06:12:13+00:00,DHL,DHL8431432814,10.28,8
548,740,2024-03-28 13:01:21+00:00,Royal Mail,ROY1181525897,26.23,10
549,741,2024-05-26 01:32:31+00:00,FedEx,FED9967037745,14.26,11
550,744,2023-09-25 22:18:11+00:00,Deutsche Post,DEU7353710193,9.16,10
551,746,2023-09-02 16:05:28+00:00,Cainiao,CAI4449555097,14.78,7
552,748,2023-09-28 23:13:25+00:00,Japan Post,JAP9850691928,38.85,8
553,750,2024-09-10 03:42:46+00:00,La Poste,LA 3200115935,34.36,8
554,751,2024-11-23 14:08:00+00:00,Cainiao,CAI8062925402,21.76,11
555,752,2024-12-05 12:52:11+00:00,Correos,COR2559739799,20.29,3
556,753,2025-01-14 19:58:05+00:00,DHL,DHL5316869018,5.57,6
557,754,2024-10-21 12:12:07+00:00,La Poste,LA 8361645973,18.98,4
558,756,2023-07-09 21:19:18+00:00,La Poste,LA 9523963288,16.92,9
559,757,2023-09-23 15:44:23+00:00,Japan Post,JAP5170260444,17.64,9
560,758,2023-08-07 12:30:47+00:00,Cainiao,CAI5650393120,22.95,8
561,759,2023-10-15 15:17:56+00:00,Cainiao,CAI1158824308,23.25,2
562,760,2023-07-24 10:03:50+00:00,Cainiao,CAI2895855812,18.5,3
563,761,2025-07-28 02:05:26+00:00,Aramex,ARA5589287287,33.33,9
564,763,2024-08-15 19:51:07+00:00,Japan Post,JAP4307724113,19.9,12
565,764,2023-11-19 20:01:27+00:00,UPS,UPS2662578293,22.85,2
566,765,2025-08-01 19:35:24+00:00,Deutsche Post,DEU6978424147,7.52,2
567,766,2025-02-01 19:42:56+00:00,La Poste,LA 6134376475,19.05,8
568,767,2024-02-23 16:24:09+00:00,Aramex,ARA5767446240,25.29,4
569,768,2024-02-22 13:54:05+00:00,Cainiao,CAI2096395250,30.67,7
570,769,2024-02-24 17:12:35+00:00,DHL,DHL2730977167,12.4,2
571,770,2024-08-08 23:10:15+00:00,USPS,USP7855478673,10.95,8
572,772,2024-06-23 16:43:22+00:00,Japan Post,JAP1209555013,14.83,9
573,773,2025-07-02 03:32:05+00:00,Japan Post,JAP1862705479,33.14,11
574,774,2024-08-08 15:29:28+00:00,FedEx,FED8613070785,13.21,8
575,775,2023-07-30 21:28:56+00:00,FedEx,FED9914241182,17.02,6
576,776,2025-07-10 11:35:10+00:00,Aramex,ARA8048499064,18.29,9
577,777,2025-03-23 08:30:03+00:00,Royal Mail,ROY4906125535,28.54,12
578,779,2024-06-25 09:59:33+00:00,FedEx,FED4622347229,23.64,5
579,780,2025-02-18 04:50:02+00:00,FedEx,FED2588379224,26.7,12
580,781,2023-10-19 19:06:50+00:00,FedEx,FED1944716386,7.07,1
581,782,2023-08-14 06:13:15+00:00,Correos,COR5879675832,18.3,1
582,783,2025-03-03 01:43:53+00:00,Japan Post,JAP7749709655,6.15,2
583,784,2024-01-03 12:28:36+00:00,La Poste,LA 2707843970,26.41,6
584,785,2024-11-02 16:38:13+00:00,Cainiao,CAI2383055977,24.14,9
585,786,2024-05-18 20:37:48+00:00,DHL,DHL8441499936,19.97,1
586,787,2023-12-10 07:40:04+00:00,FedEx,FED4164459877,4.08,1
587,788,2025-03-23 22:20:43+00:00,UPS,UPS4595008501,16.77,2
588,789,2025-03-01 15:46:55+00:00,Deutsche Post,DEU5215841858,23.86,11
589,791,2023-08-06 03:46:30+00:00,Correos,COR8819701204,32.71,1
590,792,2023-12-14 09:41:04+00:00,Japan Post,JAP2756335141,23.51,4
591,793,2025-02-21 02:01:34+00:00,La Poste,LA 1225129589,11.85,5
592,794,2023-10-15 03:06:15+00:00,Cainiao,CAI2496307066,28.38,12
593,795,2025-02-18 16:06:56+00:00,Aramex,ARA9788254263,25.17,9
594,797,2024-01-01 12:56:11+00:00,USPS,USP9200671137,18.88,4
595,798,2024-10-28 20:59:27+00:00,Deutsche Post,DEU3973249260,27.68,6
596,801,2024-09-25 00:58:20+00:00,Japan Post,JAP1418048953,13.62,1
597,803,2024-03-27 16:04:51+00:00,Japan Post,JAP1434237302,35.81,1
598,804,2025-08-24 19:34:25+00:00,UPS,UPS3110383232,12.13,7
599,805,2024-09-18 12:01:48+00:00,Japan Post,JAP4698047719,33.83,10
600,807,2023-09-03 00:03:14+00:00,UPS,UPS8055142546,20.73,1
601,808,2025-08-28 00:45:28+00:00,USPS,USP1918064264,20.54,8
602,809,2023-08-01 00:05:01+00:00,Royal Mail,ROY7744766465,25.47,3
603,810,2025-05-12 15:50:19+00:00,Japan Post,JAP1593420342,23.43,2
604,811,2025-05-29 21:55:39+00:00,DHL,DHL9093265157,40.04,5
605,812,2024-04-21 05:09:59+00:00,La Poste,LA 2733823735,9.04,12
606,813,2025-07-22 05:16:45+00:00,Correos,COR7371028779,23.35,5
607,814,2024-07-06 04:57:28+00:00,Correos,COR2536485257,9.73,12
608,815,2023-09-24 09:42:56+00:00,USPS,USP1485317666,32.21,9
609,816,2024-08-03 10:54:11+00:00,FedEx,FED4850565635,18.4,11
610,817,2025-08-21 15:11:24+00:00,Cainiao,CAI4479353047,24.29,9
611,818,2025-03-10 22:08:38+00:00,FedEx,FED2483077943,32.98,1
612,819,2023-11-29 04:16:20+00:00,Aramex,ARA8852392543,24.42,8
613,823,2024-03-21 19:15:57+00:00,UPS,UPS5673316445,23.32,2
614,824,2023-11-30 19:43:35+00:00,USPS,USP3039245124,31.07,6
615,826,2024-01-18 12:54:58+00:00,Royal Mail,ROY6030120387,15.25,5
616,828,2025-07-11 03:01:22+00:00,DHL,DHL9179577555,25.86,7
617,831,2024-08-01 10:58:03+00:00,UPS,UPS1636517092,24.4,8
618,832,2024-07-16 11:18:13+00:00,Correos,COR9555994027,21.38,3
619,833,2023-09-05 21:16:36+00:00,Cainiao,CAI6139919539,21.91,4
620,834,2025-04-03 06:18:49+00:00,DHL,DHL5094636542,29.31,2
621,835,2023-12-23 00:27:22+00:00,Cainiao,CAI6032974118,22.14,1
622,836,2023-09-10 18:14:05+00:00,Cainiao,CAI4313312112,22.43,5
623,837,2025-05-14 13:21:57+00:00,Royal Mail,ROY6907239857,32.73,8
624,838,2023-09-19 10:09:58+00:00,Royal Mail,ROY8515470587,22.94,3
625,839,2025-01-19 00:46:58+00:00,FedEx,FED5209227869,12.04,1
626,840,2023-10-15 20:11:19+00:00,Cainiao,CAI2351150784,21.78,8
627,841,2025-07-01 18:14:48+00:00,FedEx,FED8387272464,40.17,12
628,842,2024-08-05 10:36:58+00:00,Royal Mail,ROY1620783098,15.65,8
629,843,2024-07-28 18:06:53+00:00,UPS,UPS2107568440,12.14,1
630,844,2023-12-25 05:23:32+00:00,Correos,COR7475090112,28.4,6
631,845,2025-01-06 05:18:53+00:00,Aramex,ARA4818377443,16.58,11
632,846,2025-02-05 02:53:07+00:00,Japan Post,JAP9632134695,16.19,12
633,848,2023-11-21 02:27:36+00:00,Cainiao,CAI3705964775,26.34,10
634,850,2024-08-29 07:54:16+00:00,USPS,USP7765777907,14.66,12
635,851,2024-03-06 23:01:04+00:00,La Poste,LA 3624038359,32.99,3
636,854,2023-08-15 23:10:39+00:00,FedEx,FED8911176799,26.14,6
637,855,2025-08-21 09:49:11+00:00,FedEx,FED8773811137,17.25,7
638,857,2024-03-15 03:20:52+00:00,UPS,UPS3257775373,35.53,9
639,858,2025-01-08 07:38:25+00:00,Japan Post,JAP1687562153,29.65,4
640,859,2025-02-19 05:37:28+00:00,DHL,DHL8975664149,22.38,5
641,861,2023-07-27 09:05:40+00:00,Cainiao,CAI4776333252,25.64,1
642,862,2024-01-22 10:12:08+00:00,FedEx,FED6688053113,27.92,5
643,864,2023-12-22 06:57:01+00:00,Aramex,ARA7656608039,28.83,2
644,867,2025-01-05 23:03:44+00:00,Japan Post,JAP2545455626,4.72,10
645,869,2024-07-21 19:41:04+00:00,La Poste,LA 1140476488,22.5,9
646,871,2023-07-14 17:49:18+00:00,Correos,COR9989157666,6.8,9
647,872,2024-07-27 18:55:20+00:00,Cainiao,CAI9625214122,18.33,1
648,873,2025-05-15 09:41:32+00:00,FedEx,FED1567927799,4.71,6
649,874,2025-01-18 11:07:08+00:00,Aramex,ARA4781862864,19.57,12
650,875,2024-04-20 20:37:53+00:00,DHL,DHL9478324567,16.91,12
651,877,2024-09-29 18:37:07+00:00,Cainiao,CAI8440568892,25.19,5
652,878,2023-10-07 22:03:33+00:00,Cainiao,CAI5211492509,15.71,4
653,879,2024-04-27 16:31:45+00:00,Japan Post,JAP5401917736,34.86,6
654,881,2023-09-02 09:55:02+00:00,Correos,COR2652739647,19.89,10
655,882,2023-07-30 22:32:47+00:00,FedEx,FED7012368495,21.8,2
656,883,2024-04-13 17:27:51+00:00,UPS,UPS5310076244,17.34,9
657,884,2025-01-03 01:28:15+00:00,Deutsche Post,DEU8562161758,16.64,11
658,885,2024-10-25 18:07:52+00:00,La Poste,LA 7156690170,11.24,2
659,886,2024-03-15 13:27:13+00:00,Royal Mail,ROY4156696608,32.54,9
660,887,2025-06-12 08:20:05+00:00,La Poste,LA 2137190173,21.53,6
661,888,2023-12-27 17:15:11+00:00,Deutsche Post,DEU1536072294,7.56,11
662,891,2024-10-13 01:38:51+00:00,Royal Mail,ROY9908754512,21.96,1
663,892,2025-08-26 22:24:14+00:00,USPS,USP9552629661,35.01,3
664,894,2025-03-15 14:29:33+00:00,Deutsche Post,DEU6049139619,28.87,4
665,896,2023-10-09 02:30:30+00:00,Deutsche Post,DEU5065471885,14.05,12
666,897,2025-03-19 21:16:27+00:00,USPS,USP1297912089,30.34,4
667,898,2024-11-10 18:53:29+00:00,Correos,COR7493241332,6.56,3
668,899,2024-10-08 16:26:03+00:00,La Poste,LA 2911977733,25.03,12
669,900,2025-01-08 23:56:30+00:00,Japan Post,JAP3540034567,21.63,2
670,901,2024-09-01 05:48:18+00:00,Correos,COR9098620595,22.84,3
671,902,2024-08-11 04:04:23+00:00,USPS,USP1623478171,16.73,6
672,903,2024-02-23 23:17:05+00:00,Cainiao,CAI5509721328,33.82,4
673,906,2025-08-27 17:24:35+00:00,DHL,DHL1477249497,17.76,9
674,907,2023-11-21 09:04:40+00:00,UPS,UPS5456022492,16.79,4
675,908,2024-05-28 01:30:30+00:00,Japan Post,JAP3174536553,14.43,7
676,909,2024-08-04 23:33:37+00:00,Cainiao,CAI1858642852,20.49,12
677,910,2025-06-28 03:27:33+00:00,DHL,DHL4980319930,15.46,11
678,911,2025-07-26 10:00:21+00:00,La Poste,LA 3839928060,27.12,4
679,912,2025-05-02 12:30:17+00:00,Royal Mail,ROY1430882680,12.98,11
680,913,2024-06-16 21:06:12+00:00,FedEx,FED4284090970,19.39,9
681,914,2023-07-16 07:22:35+00:00,DHL,DHL2411596492,35.56,4
682,918,2024-09-20 15:34:04+00:00,La Poste,LA 1574255263,22.05,6
683,919,2024-09-06 21:29:18+00:00,USPS,USP6342906135,18.87,4
684,920,2023-07-26 00:45:04+00:00,Cainiao,CAI1575691639,18.12,12
685,921,2024-09-22 18:59:49+00:00,Deutsche Post,DEU4585646852,12.98,8
686,922,2024-07-15 15:18:18+00:00,La Poste,LA 4928800267,9.77,6
687,923,2024-03-15 03:31:26+00:00,Deutsche Post,DEU2742373023,19.66,1
688,924,2024-09-17 17:44:05+00:00,FedEx,FED4543156826,7.42,10
689,925,2023-10-16 21:02:58+00:00,Deutsche Post,DEU3581803545,30.18,6
690,928,2023-07-07 01:14:07+00:00,Correos,COR3915790458,25.2,9
691,929,2024-01-25 22:24:38+00:00,UPS,UPS3403648617,11.79,2
692,931,2023-12-13 06:28:04+00:00,Correos,COR3719596201,10.62,7
693,934,2023-12-02 20:37:16+00:00,Royal Mail,ROY4050162761,23.18,2
694,936,2025-04-17 22:09:30+00:00,FedEx,FED5719999009,28.9,8
695,937,2024-05-17 16:08:37+00:00,Correos,COR3865648410,15.92,3
696,938,2024-06-16 18:19:05+00:00,DHL,DHL9351588118,8.4,12
697,940,2024-08-08 01:43:15+00:00,Japan Post,JAP5497560694,26.55,2
698,941,2023-12-02 10:50:59+00:00,DHL,DHL8829100075,32.46,1
699,942,2025-05-08 19:51:24+00:00,Deutsche Post,DEU9957150248,34.31,3
700,943,2023-11-13 22:04:36+00:00,Japan Post,JAP2099688401,6.17,9
701,944,2025-07-10 17:39:16+00:00,DHL,DHL9837812682,23.3,8
702,945,2023-07-19 16:14:21+00:00,Japan Post,JAP1646035259,20.26,4
703,947,2024-12-13 06:09:58+00:00,Royal Mail,ROY8250674862,33.53,3
704,950,2023-12-18 12:42:54+00:00,UPS,UPS5612098560,37.54,1
705,951,2024-01-06 17:56:53+00:00,Japan Post,JAP9443169903,10.02,1
706,953,2023-07-21 19:42:22+00:00,Deutsche Post,DEU3679046743,20.1,9
707,954,2024-02-03 10:04:48+00:00,Aramex,ARA5768617529,16.84,4
708,955,2024-09-14 10:21:14+00:00,Correos,COR4847336284,13.56,12
709,956,2023-07-27 01:40:55+00:00,Cainiao,CAI6074664195,20.8,7
710,957,2024-03-06 03:01:31+00:00,DHL,DHL1791224831,6.96,5
711,958,2025-03-06 18:06:53+00:00,Japan Post,JAP7183147885,14.04,9
712,959,2024-05-03 13:33:41+00:00,USPS,USP8910418445,13.49,9
713,960,2025-03-14 01:14:13+00:00,La Poste,LA 3538004434,31.07,7
714,961,2025-03-07 15:36:48+00:00,Cainiao,CAI7106449528,23.68,10
715,962,2024-10-22 19:07:35+00:00,USPS,USP1262622509,45.03,6
716,963,2024-04-01 22:05:13+00:00,DHL,DHL2268223423,14.34,9
717,964,2025-08-28 14:26:07+00:00,UPS,UPS3041034676,27.77,10
718,965,2024-06-02 16:52:57+00:00,Japan Post,JAP6196609448,21.03,9
719,966,2023-10-18 17:15:16+00:00,Correos,COR3655954260,14.5,10
720,967,2024-07-04 07:30:22+00:00,DHL,DHL4774106227,21.1,3
721,969,2024-01-31 16:03:11+00:00,USPS,USP4278217034,25.03,10
722,970,2025-03-04 06:15:36+00:00,Cainiao,CAI6256591227,15.29,9
723,972,2025-03-03 12:07:15+00:00,FedEx,FED8084381626,7.99,12
724,978,2024-11-08 20:43:30+00:00,Japan Post,JAP4709308860,21.45,7
725,979,2025-02-28 22:56:03+00:00,UPS,UPS4255230399,18.07,8
726,981,2023-09-09 11:45:39+00:00,Aramex,ARA8754411418,25.63,12
727,982,2024-05-11 12:30:24+00:00,Japan Post,JAP2793855779,28.53,1
728,984,2024-07-26 16:38:03+00:00,Correos,COR2276104165,14.45,10
729,985,2024-10-27 05:19:07+00:00,Japan Post,JAP3012784393,35.99,11
730,986,2025-05-26 17:16:34+00:00,UPS,UPS3378330990,19.17,8
731,987,2024-01-12 12:46:07+00:00,Aramex,ARA4135578776,13.48,10
732,990,2024-02-06 09:43:29+00:00,Japan Post,JAP2870402640,27.36,9
733,991,2024-07-01 04:33:36+00:00,Deutsche Post,DEU4952166910,32.24,4
734,992,2024-12-09 04:25:25+00:00,Aramex,ARA2327049355,18.72,12
735,993,2024-06-13 20:08:19+00:00,USPS,USP6590091931,25.25,9
736,994,2025-08-06 16:53:04+00:00,Japan Post,JAP8263853228,29.96,2
737,995,2024-10-01 10:02:59+00:00,Royal Mail,ROY9694364075,25.3,5
738,996,2024-05-13 01:22:25+00:00,Deutsche Post,DEU6381974693,17.14,4
739,997,2024-08-21 12:31:13+00:00,La Poste,LA 3714481347,24.75,1
740,999,2025-06-26 02:59:45+00:00,USPS,USP7227414231,24.51,6
741,1000,2023-08-17 17:35:53+00:00,Japan Post,JAP8600373454,23.42,9
